Customer_id,Customer_name,Tx_id,Transaction_date,Currency,Amount,Final_rate,Amount_EUR
91,Client 91,,,,,,0
94,Client 94,,,,,,0
97,Client 97,,,,,,0
98,Client 98,,,,,,0
99,Client 99,,,,,,0
100,Client 100,,,,,,0
9,Client 9,98,2026-01-01,EUR,160.25,,160.25
57,Client 57,753,2026-01-01,EUR,3999.66,,3999.66
65,Client 65,272,2026-01-01,EUR,1093.53,,1093.53
21,Client 21,241,2026-01-02,EUR,8835.08,,8835.08
4,Client 4,716,2026-01-03,EUR,971.25,,971.25
49,Client 49,916,2026-01-03,EUR,865.62,,865.62
85,Client 85,231,2026-01-03,EUR,5226.09,,5226.09
7,Client 7,495,2026-01-04,EUR,5901.34,,5901.34
10,Client 10,20,2026-01-04,EUR,1794.61,,1794.61
2,Client 2,940,2026-01-05,EUR,507.05,,507.05
6,Client 6,992,2026-01-05,EUR,1478.52,,1478.52
56,Client 56,924,2026-01-05,EUR,160.57,,160.57
59,Client 59,164,2026-01-05,EUR,1938.51,,1938.51
1,Client 1,645,2026-01-06,EUR,8340.76,,8340.76
3,Client 3,784,2026-01-06,EUR,1088.1,,1088.1
37,Client 37,51,2026-01-06,EUR,3075.32,,3075.32
46,Client 46,721,2026-01-06,EUR,7408.21,,7408.21
81,Client 81,637,2026-01-06,EUR,8455.72,,8455.72
10,Client 10,619,2026-01-07,EUR,4346.47,,4346.47
22,Client 22,727,2026-01-07,EUR,5602.03,,5602.03
28,Client 28,141,2026-01-07,EUR,7579.36,,7579.36
37,Client 37,748,2026-01-07,EUR,987.28,,987.28
5,Client 5,814,2026-01-08,EUR,1157.64,,1157.64
11,Client 11,306,2026-01-08,EUR,693.69,,693.69
12,Client 12,952,2026-01-08,EUR,934.58,,934.58
20,Client 20,934,2026-01-08,EUR,113.05,,113.05
64,Client 64,101,2026-01-08,EUR,3775.78,,3775.78
2,Client 2,607,2026-01-09,EUR,7213.12,,7213.12
2,Client 2,994,2026-01-09,EUR,1976.96,,1976.96
6,Client 6,758,2026-01-09,EUR,1659.45,,1659.45
15,Client 15,684,2026-01-09,EUR,1260.58,,1260.58
18,Client 18,447,2026-01-09,EUR,9320.72,,9320.72
61,Client 61,791,2026-01-09,EUR,8435.96,,8435.96
19,Client 19,970,2026-01-10,EUR,57.18,,57.18
35,Client 35,410,2026-01-10,EUR,62.13,,62.13
51,Client 51,99,2026-01-10,EUR,7152.0,,7152.0
51,Client 51,911,2026-01-10,EUR,4354.13,,4354.13
55,Client 55,420,2026-01-10,EUR,1521.2,,1521.2
64,Client 64,823,2026-01-10,EUR,2554.63,,2554.63
9,Client 9,852,2026-01-11,EUR,605.77,,605.77
11,Client 11,300,2026-01-11,EUR,787.9,,787.9
26,Client 26,445,2026-01-11,EUR,6186.64,,6186.64
29,Client 29,782,2026-01-11,EUR,781.77,,781.77
10,Client 10,705,2026-01-12,EUR,4454.21,,4454.21
45,Client 45,521,2026-01-12,EUR,5888.0,,5888.0
20,Client 20,854,2026-01-13,EUR,428.91,,428.91
34,Client 34,935,2026-01-13,EUR,5733.54,,5733.54
47,Client 47,942,2026-01-13,EUR,485.89,,485.89
6,Client 6,155,2026-01-14,EUR,8822.57,,8822.57
9,Client 9,226,2026-01-14,EUR,130.1,,130.1
5,Client 5,424,2026-01-15,EUR,1330.94,,1330.94
27,Client 27,881,2026-01-15,EUR,4351.59,,4351.59
32,Client 32,636,2026-01-15,EUR,1898.65,,1898.65
37,Client 37,833,2026-01-15,EUR,2338.74,,2338.74
64,Client 64,863,2026-01-15,EUR,3010.85,,3010.85
2,Client 2,949,2026-01-16,EUR,5353.46,,5353.46
5,Client 5,982,2026-01-16,EUR,1328.96,,1328.96
10,Client 10,341,2026-01-16,EUR,6075.38,,6075.38
33,Client 33,286,2026-01-16,EUR,1438.1,,1438.1
45,Client 45,778,2026-01-16,EUR,1449.65,,1449.65
7,Client 7,35,2026-01-17,EUR,5791.76,,5791.76
7,Client 7,895,2026-01-17,EUR,6451.65,,6451.65
10,Client 10,204,2026-01-17,EUR,315.78,,315.78
14,Client 14,498,2026-01-17,EUR,1212.1,,1212.1
35,Client 35,34,2026-01-17,EUR,661.72,,661.72
61,Client 61,16,2026-01-17,EUR,923.68,,923.68
95,Client 95,342,2026-01-17,EUR,449.4,,449.4
3,Client 3,173,2026-01-18,EUR,3761.47,,3761.47
25,Client 25,405,2026-01-18,EUR,2500.34,,2500.34
49,Client 49,764,2026-01-18,EUR,1087.33,,1087.33
63,Client 63,867,2026-01-18,EUR,7588.25,,7588.25
65,Client 65,513,2026-01-18,EUR,5070.71,,5070.71
2,Client 2,582,2026-01-19,EUR,1299.16,,1299.16
4,Client 4,944,2026-01-19,EUR,1365.89,,1365.89
14,Client 14,768,2026-01-19,EUR,1501.29,,1501.29
18,Client 18,48,2026-01-19,EUR,1475.13,,1475.13
26,Client 26,644,2026-01-19,EUR,435.77,,435.77
35,Client 35,274,2026-01-19,EUR,902.9,,902.9
37,Client 37,134,2026-01-19,EUR,1616.79,,1616.79
7,Client 7,347,2026-01-21,EUR,4078.51,,4078.51
8,Client 8,211,2026-01-21,EUR,5139.95,,5139.95
12,Client 12,22,2026-01-21,EUR,564.39,,564.39
63,Client 63,488,2026-01-21,EUR,1664.43,,1664.43
76,Client 76,725,2026-01-21,EUR,6700.69,,6700.69
4,Client 4,832,2026-01-22,EUR,1275.52,,1275.52
5,Client 5,318,2026-01-22,EUR,1512.99,,1512.99
15,Client 15,989,2026-01-22,EUR,4495.3,,4495.3
27,Client 27,810,2026-01-22,EUR,1759.58,,1759.58
36,Client 36,90,2026-01-22,EUR,433.23,,433.23
57,Client 57,962,2026-01-22,EUR,770.68,,770.68
31,Client 31,754,2026-01-23,EUR,1487.64,,1487.64
32,Client 32,259,2026-01-23,EUR,4463.44,,4463.44
4,Client 4,362,2026-01-24,EUR,1022.07,,1022.07
33,Client 33,431,2026-01-24,EUR,8881.12,,8881.12
2,Client 2,442,2026-01-25,EUR,693.89,,693.89
46,Client 46,726,2026-01-25,EUR,1258.7,,1258.7
49,Client 49,919,2026-01-25,EUR,2932.66,,2932.66
6,Client 6,352,2026-01-26,EUR,1730.67,,1730.67
37,Client 37,293,2026-01-26,EUR,6887.85,,6887.85
48,Client 48,30,2026-01-26,EUR,512.35,,512.35
59,Client 59,218,2026-01-26,EUR,274.1,,274.1
6,Client 6,912,2026-01-27,EUR,23.69,,23.69
31,Client 31,767,2026-01-28,EUR,3335.45,,3335.45
46,Client 46,479,2026-01-28,EUR,9702.48,,9702.48
62,Client 62,278,2026-01-28,EUR,689.08,,689.08
22,Client 22,193,2026-01-29,EUR,4588.88,,4588.88
53,Client 53,125,2026-01-29,EUR,4309.55,,4309.55
5,Client 5,482,2026-01-30,EUR,1138.67,,1138.67
21,Client 21,337,2026-01-31,EUR,8246.09,,8246.09
22,Client 22,363,2026-01-31,EUR,4797.63,,4797.63
30,Client 30,996,2026-01-31,EUR,940.69,,940.69
57,Client 57,401,2026-01-31,EUR,4576.86,,4576.86
9,Client 9,694,2026-02-01,EUR,1814.08,,1814.08
17,Client 17,197,2026-02-01,EUR,7443.99,,7443.99
34,Client 34,334,2026-02-01,EUR,1192.64,,1192.64
77,Client 77,850,2026-02-01,EUR,303.08,,303.08
3,Client 3,640,2026-02-02,EUR,1990.01,,1990.01
5,Client 5,463,2026-02-02,EUR,3135.78,,3135.78
19,Client 19,40,2026-02-02,EUR,458.41,,458.41
49,Client 49,128,2026-02-02,EUR,1084.29,,1084.29
9,Client 9,588,2026-02-03,EUR,1262.82,,1262.82
19,Client 19,988,2026-02-03,EUR,1286.59,,1286.59
20,Client 20,284,2026-02-03,EUR,1238.53,,1238.53
32,Client 32,529,2026-02-03,EUR,5444.23,,5444.23
48,Client 48,455,2026-02-03,EUR,9055.42,,9055.42
65,Client 65,772,2026-02-03,EUR,1890.78,,1890.78
18,Client 18,818,2026-02-04,EUR,727.25,,727.25
56,Client 56,59,2026-02-04,EUR,8516.6,,8516.6
4,Client 4,320,2026-02-05,EUR,533.59,,533.59
53,Client 53,305,2026-02-05,EUR,9153.53,,9153.53
2,Client 2,250,2026-02-06,EUR,1071.69,,1071.69
13,Client 13,295,2026-02-06,EUR,7855.66,,7855.66
47,Client 47,156,2026-02-06,EUR,45.57,,45.57
62,Client 62,234,2026-02-06,EUR,748.37,,748.37
1,Client 1,397,2026-02-07,EUR,3450.55,,3450.55
4,Client 4,563,2026-02-07,EUR,2246.32,,2246.32
13,Client 13,676,2026-02-07,EUR,880.59,,880.59
15,Client 15,366,2026-02-07,EUR,1034.17,,1034.17
23,Client 23,354,2026-02-07,EUR,1912.88,,1912.88
38,Client 38,718,2026-02-08,EUR,1851.79,,1851.79
75,Client 75,151,2026-02-08,EUR,2421.47,,2421.47
20,Client 20,216,2026-02-09,EUR,659.66,,659.66
85,Client 85,851,2026-02-09,EUR,2069.65,,2069.65
4,Client 4,719,2026-02-10,EUR,6792.36,,6792.36
19,Client 19,969,2026-02-10,EUR,3277.0,,3277.0
46,Client 46,715,2026-02-10,EUR,6157.63,,6157.63
51,Client 51,214,2026-02-10,EUR,1973.46,,1973.46
35,Client 35,38,2026-02-11,EUR,732.53,,732.53
38,Client 38,894,2026-02-11,EUR,1504.03,,1504.03
41,Client 41,601,2026-02-11,EUR,5988.57,,5988.57
48,Client 48,281,2026-02-12,EUR,3566.22,,3566.22
3,Client 3,220,2026-02-13,EUR,1276.5,,1276.5
4,Client 4,52,2026-02-13,EUR,1372.3,,1372.3
4,Client 4,312,2026-02-13,EUR,1923.71,,1923.71
58,Client 58,291,2026-02-13,EUR,7065.21,,7065.21
31,Client 31,404,2026-02-14,EUR,663.1,,663.1
54,Client 54,630,2026-02-14,EUR,1963.49,,1963.49
56,Client 56,350,2026-02-14,EUR,749.1,,749.1
60,Client 60,971,2026-02-14,EUR,4116.13,,4116.13
1,Client 1,502,2026-02-15,EUR,1668.3,,1668.3
7,Client 7,508,2026-02-15,EUR,785.85,,785.85
10,Client 10,762,2026-02-15,EUR,983.86,,983.86
11,Client 11,376,2026-02-15,EUR,1984.91,,1984.91
16,Client 16,184,2026-02-15,EUR,1124.09,,1124.09
20,Client 20,24,2026-02-15,EUR,1011.8,,1011.8
29,Client 29,573,2026-02-15,EUR,7499.25,,7499.25
1,Client 1,282,2026-02-16,EUR,1909.77,,1909.77
20,Client 20,464,2026-02-16,EUR,1231.42,,1231.42
38,Client 38,84,2026-02-16,EUR,677.04,,677.04
40,Client 40,313,2026-02-16,EUR,6286.62,,6286.62
55,Client 55,975,2026-02-16,EUR,7581.73,,7581.73
64,Client 64,470,2026-02-16,EUR,433.16,,433.16
84,Client 84,246,2026-02-16,EUR,1768.58,,1768.58
5,Client 5,299,2026-02-17,EUR,3841.97,,3841.97
17,Client 17,142,2026-02-17,EUR,849.31,,849.31
31,Client 31,653,2026-02-17,EUR,5429.62,,5429.62
5,Client 5,898,2026-02-18,EUR,696.72,,696.72
25,Client 25,595,2026-02-18,EUR,9490.57,,9490.57
36,Client 36,838,2026-02-18,EUR,1843.4,,1843.4
22,Client 22,368,2026-02-19,EUR,518.27,,518.27
2,Client 2,88,2026-02-20,EUR,1159.49,,1159.49
7,Client 7,5,2026-02-20,EUR,3657.82,,3657.82
7,Client 7,844,2026-02-20,EUR,1795.76,,1795.76
14,Client 14,680,2026-02-20,EUR,748.17,,748.17
29,Client 29,194,2026-02-20,EUR,12.05,,12.05
42,Client 42,283,2026-02-20,EUR,9475.49,,9475.49
47,Client 47,687,2026-02-20,EUR,9463.4,,9463.4
56,Client 56,783,2026-02-20,EUR,3663.65,,3663.65
60,Client 60,544,2026-02-20,EUR,1655.36,,1655.36
3,Client 3,735,2026-02-21,EUR,3987.01,,3987.01
34,Client 34,923,2026-02-21,EUR,8612.41,,8612.41
37,Client 37,28,2026-02-21,EUR,747.24,,747.24
45,Client 45,984,2026-02-21,EUR,1148.27,,1148.27
12,Client 12,913,2026-02-22,EUR,7736.96,,7736.96
54,Client 54,611,2026-02-22,EUR,8683.84,,8683.84
87,Client 87,17,2026-02-22,EUR,3673.05,,3673.05
1,Client 1,730,2026-02-23,EUR,1781.21,,1781.21
12,Client 12,232,2026-02-23,EUR,522.79,,522.79
44,Client 44,609,2026-02-23,EUR,9121.72,,9121.72
69,Client 69,655,2026-02-23,EUR,9356.25,,9356.25
18,Client 18,915,2026-02-24,EUR,5520.46,,5520.46
37,Client 37,323,2026-02-24,EUR,8290.21,,8290.21
55,Client 55,229,2026-02-24,EUR,3293.38,,3293.38
3,Client 3,554,2026-02-25,EUR,1755.41,,1755.41
3,Client 3,861,2026-02-25,EUR,3525.81,,3525.81
22,Client 22,953,2026-02-26,EUR,2730.99,,2730.99
36,Client 36,528,2026-02-26,EUR,792.02,,792.02
43,Client 43,991,2026-02-26,EUR,6364.66,,6364.66
78,Client 78,249,2026-02-26,EUR,3340.95,,3340.95
21,Client 21,993,2026-02-27,EUR,9918.05,,9918.05
52,Client 52,348,2026-02-27,EUR,1241.71,,1241.71
53,Client 53,620,2026-02-27,EUR,1287.3,,1287.3
1,Client 1,474,2026-02-28,EUR,899.64,,899.64
1,Client 1,618,2026-02-28,EUR,741.79,,741.79
2,Client 2,538,2026-02-28,EUR,980.82,,980.82
11,Client 11,800,2026-02-28,EUR,1203.54,,1203.54
62,Client 62,178,2026-02-28,EUR,674.68,,674.68
13,Client 13,209,2026-03-01,EUR,6655.77,,6655.77
38,Client 38,417,2026-03-01,EUR,9380.98,,9380.98
45,Client 45,356,2026-03-01,EUR,565.94,,565.94
38,Client 38,429,2026-03-02,EUR,3209.97,,3209.97
51,Client 51,805,2026-03-02,EUR,4156.09,,4156.09
29,Client 29,242,2026-03-03,EUR,815.99,,815.99
35,Client 35,504,2026-03-03,EUR,98.33,,98.33
10,Client 10,289,2026-03-04,EUR,6538.5,,6538.5
49,Client 49,986,2026-03-04,EUR,822.83,,822.83
73,Client 73,83,2026-03-04,EUR,3819.16,,3819.16
19,Client 19,66,2026-03-05,EUR,1758.47,,1758.47
32,Client 32,566,2026-03-05,EUR,723.84,,723.84
2,Client 2,662,2026-03-06,EUR,1734.87,,1734.87
6,Client 6,593,2026-03-06,EUR,6519.87,,6519.87
39,Client 39,932,2026-03-06,EUR,1380.64,,1380.64
39,Client 39,390,2026-03-07,EUR,1569.75,,1569.75
42,Client 42,496,2026-03-07,EUR,951.07,,951.07
44,Client 44,467,2026-03-07,EUR,2030.54,,2030.54
66,Client 66,149,2026-03-07,EUR,8960.79,,8960.79
30,Client 30,670,2026-03-08,EUR,1655.23,,1655.23
31,Client 31,322,2026-03-08,EUR,899.93,,899.93
52,Client 52,775,2026-03-08,EUR,6062.44,,6062.44
8,Client 8,423,2026-03-09,EUR,8174.86,,8174.86
28,Client 28,333,2026-03-09,EUR,9704.92,,9704.92
32,Client 32,631,2026-03-09,EUR,7393.04,,7393.04
53,Client 53,189,2026-03-09,EUR,7665.38,,7665.38
12,Client 12,736,2026-03-10,EUR,1823.22,,1823.22
66,Client 66,707,2026-03-10,EUR,8270.08,,8270.08
79,Client 79,511,2026-03-10,EUR,7091.21,,7091.21
4,Client 4,675,2026-03-11,EUR,9784.63,,9784.63
8,Client 8,691,2026-03-11,EUR,9828.2,,9828.2
10,Client 10,519,2026-03-11,EUR,9219.63,,9219.63
19,Client 19,310,2026-03-11,EUR,763.17,,763.17
54,Client 54,186,2026-03-11,EUR,46.67,,46.67
6,Client 6,1000,2026-03-12,EUR,1638.58,,1638.58
48,Client 48,629,2026-03-12,EUR,6979.31,,6979.31
59,Client 59,569,2026-03-12,EUR,2353.3,,2353.3
10,Client 10,928,2026-03-13,EUR,1877.25,,1877.25
36,Client 36,839,2026-03-13,EUR,6752.66,,6752.66
1,Client 1,761,2026-03-14,EUR,7389.16,,7389.16
4,Client 4,525,2026-03-14,EUR,8311.88,,8311.88
17,Client 17,965,2026-03-14,EUR,6982.03,,6982.03
45,Client 45,25,2026-03-14,EUR,5849.16,,5849.16
77,Client 77,600,2026-03-14,EUR,1565.83,,1565.83
90,Client 90,157,2026-03-14,EUR,5133.04,,5133.04
5,Client 5,107,2026-03-15,EUR,3663.09,,3663.09
27,Client 27,638,2026-03-15,EUR,922.61,,922.61
2,Client 2,574,2026-03-16,EUR,230.89,,230.89
30,Client 30,536,2026-03-16,EUR,207.61,,207.61
36,Client 36,18,2026-03-16,EUR,266.47,,266.47
42,Client 42,380,2026-03-16,EUR,1508.84,,1508.84
54,Client 54,819,2026-03-16,EUR,2641.78,,2641.78
34,Client 34,700,2026-03-17,EUR,1759.89,,1759.89
46,Client 46,809,2026-03-17,EUR,3737.85,,3737.85
65,Client 65,78,2026-03-17,EUR,1838.31,,1838.31
26,Client 26,421,2026-03-18,EUR,3251.05,,3251.05
8,Client 8,875,2026-03-19,EUR,9511.16,,9511.16
22,Client 22,64,2026-03-19,EUR,465.76,,465.76
60,Client 60,392,2026-03-19,EUR,1916.57,,1916.57
7,Client 7,382,2026-03-20,EUR,1930.61,,1930.61
16,Client 16,172,2026-03-20,EUR,1394.47,,1394.47
27,Client 27,14,2026-03-20,EUR,1247.95,,1247.95
53,Client 53,792,2026-03-20,EUR,1166.22,,1166.22
74,Client 74,749,2026-03-20,EUR,7703.68,,7703.68
35,Client 35,621,2026-03-21,EUR,7171.67,,7171.67
27,Client 27,649,2026-03-22,EUR,6520.68,,6520.68
64,Client 64,690,2026-03-22,EUR,113.27,,113.27
27,Client 27,514,2026-03-23,EUR,1196.68,,1196.68
44,Client 44,738,2026-03-23,EUR,672.74,,672.74
70,Client 70,704,2026-03-23,EUR,334.0,,334.0
87,Client 87,427,2026-03-23,EUR,7801.25,,7801.25
2,Client 2,230,2026-03-24,EUR,1992.7,,1992.7
12,Client 12,94,2026-03-24,EUR,941.78,,941.78
13,Client 13,961,2026-03-24,EUR,7368.75,,7368.75
40,Client 40,402,2026-03-24,EUR,675.13,,675.13
51,Client 51,4,2026-03-24,EUR,906.58,,906.58
70,Client 70,499,2026-03-24,EUR,9772.26,,9772.26
26,Client 26,501,2026-03-25,EUR,6132.58,,6132.58
13,Client 13,980,2026-03-26,EUR,188.93,,188.93
21,Client 21,321,2026-03-26,EUR,3912.44,,3912.44
28,Client 28,418,2026-03-26,EUR,123.54,,123.54
18,Client 18,820,2026-03-27,EUR,1531.06,,1531.06
60,Client 60,917,2026-03-27,EUR,5886.54,,5886.54
65,Client 65,262,2026-03-27,EUR,1326.65,,1326.65
66,Client 66,440,2026-03-27,EUR,518.43,,518.43
60,Client 60,469,2026-03-28,EUR,4723.04,,4723.04
16,Client 16,505,2026-03-29,EUR,6936.53,,6936.53
41,Client 41,399,2026-03-29,EUR,3803.51,,3803.51
42,Client 42,444,2026-03-30,EUR,195.88,,195.88
6,Client 6,304,2026-03-31,EUR,1811.99,,1811.99
10,Client 10,163,2026-03-31,EUR,9658.16,,9658.16
18,Client 18,349,2026-03-31,EUR,9806.99,,9806.99
19,Client 19,462,2026-03-31,EUR,234.76,,234.76
12,Client 12,669,2026-04-01,EUR,9526.28,,9526.28
13,Client 13,882,2026-04-01,EUR,590.01,,590.01
47,Client 47,790,2026-04-01,EUR,1664.42,,1664.42
79,Client 79,658,2026-04-01,EUR,1247.86,,1247.86
11,Client 11,796,2026-04-02,EUR,325.77,,325.77
15,Client 15,381,2026-04-02,EUR,3318.52,,3318.52
16,Client 16,419,2026-04-02,EUR,4204.9,,4204.9
10,Client 10,590,2026-04-03,EUR,559.58,,559.58
28,Client 28,565,2026-04-03,EUR,8976.39,,8976.39
41,Client 41,336,2026-04-03,EUR,1209.08,,1209.08
68,Client 68,493,2026-04-03,EUR,9584.87,,9584.87
4,Client 4,709,2026-04-04,EUR,9555.59,,9555.59
58,Client 58,929,2026-04-04,EUR,9757.79,,9757.79
86,Client 86,995,2026-04-04,EUR,8093.41,,8093.41
16,Client 16,42,2026-04-05,EUR,1686.2,,1686.2
26,Client 26,860,2026-04-05,EUR,1646.54,,1646.54
31,Client 31,889,2026-04-05,EUR,7010.58,,7010.58
32,Client 32,641,2026-04-05,EUR,9685.02,,9685.02
57,Client 57,701,2026-04-05,EUR,4320.36,,4320.36
14,Client 14,958,2026-04-06,EUR,1804.15,,1804.15
17,Client 17,93,2026-04-06,EUR,7999.68,,7999.68
24,Client 24,868,2026-04-06,EUR,400.87,,400.87
28,Client 28,648,2026-04-06,EUR,471.76,,471.76
39,Client 39,821,2026-04-06,EUR,3061.16,,3061.16
26,Client 26,63,2026-04-07,EUR,9196.6,,9196.6
61,Client 61,503,2026-04-07,EUR,8420.69,,8420.69
66,Client 66,70,2026-04-07,EUR,1077.6,,1077.6
22,Client 22,826,2026-04-08,EUR,1060.08,,1060.08
25,Client 25,187,2026-04-08,EUR,7060.98,,7060.98
26,Client 26,526,2026-04-08,EUR,905.75,,905.75
41,Client 41,39,2026-04-08,EUR,5985.98,,5985.98
53,Client 53,967,2026-04-08,EUR,5345.16,,5345.16
20,Client 20,437,2026-04-09,EUR,8290.23,,8290.23
28,Client 28,1,2026-04-09,EUR,2109.38,,2109.38
40,Client 40,603,2026-04-09,EUR,2418.84,,2418.84
27,Client 27,475,2026-04-10,EUR,3030.79,,3030.79
19,Client 19,103,2026-04-11,EUR,7221.97,,7221.97
40,Client 40,386,2026-04-11,EUR,928.5,,928.5
6,Client 6,576,2026-04-12,EUR,162.96,,162.96
54,Client 54,403,2026-04-12,EUR,8601.05,,8601.05
66,Client 66,270,2026-04-12,EUR,1338.51,,1338.51
27,Client 27,550,2026-04-13,EUR,88.52,,88.52
37,Client 37,243,2026-04-13,EUR,6743.61,,6743.61
29,Client 29,699,2026-04-14,EUR,8400.03,,8400.03
59,Client 59,688,2026-04-14,EUR,205.49,,205.49
66,Client 66,549,2026-04-14,EUR,8340.17,,8340.17
5,Client 5,169,2026-04-15,EUR,4183.67,,4183.67
11,Client 11,120,2026-04-16,EUR,534.73,,534.73
13,Client 13,430,2026-04-16,EUR,1370.67,,1370.67
30,Client 30,577,2026-04-16,EUR,5826.08,,5826.08
96,Client 96,787,2026-04-16,EUR,3760.89,,3760.89
9,Client 9,124,2026-04-17,EUR,189.77,,189.77
12,Client 12,537,2026-04-17,EUR,3280.2,,3280.2
62,Client 62,422,2026-04-17,EUR,1813.81,,1813.81
75,Client 75,999,2026-04-17,EUR,3033.4,,3033.4
7,Client 7,208,2026-04-18,EUR,1121.24,,1121.24
11,Client 11,780,2026-04-18,EUR,1585.2,,1585.2
21,Client 21,145,2026-04-18,EUR,2615.63,,2615.63
74,Client 74,317,2026-04-18,EUR,7372.47,,7372.47
82,Client 82,599,2026-04-18,EUR,7408.87,,7408.87
22,Client 22,71,2026-04-19,EUR,5178.3,,5178.3
11,Client 11,806,2026-04-20,EUR,1194.65,,1194.65
17,Client 17,848,2026-04-20,EUR,151.36,,151.36
19,Client 19,228,2026-04-20,EUR,372.41,,372.41
32,Client 32,285,2026-04-20,EUR,8424.21,,8424.21
50,Client 50,741,2026-04-20,EUR,8165.94,,8165.94
53,Client 53,846,2026-04-20,EUR,143.36,,143.36
69,Client 69,331,2026-04-20,EUR,6020.53,,6020.53
4,Client 4,948,2026-04-21,EUR,1117.09,,1117.09
7,Client 7,766,2026-04-21,EUR,452.5,,452.5
25,Client 25,930,2026-04-21,EUR,240.25,,240.25
65,Client 65,153,2026-04-21,EUR,2733.59,,2733.59
1,Client 1,835,2026-04-22,EUR,3371.47,,3371.47
14,Client 14,668,2026-04-22,EUR,1711.51,,1711.51
16,Client 16,708,2026-04-22,EUR,1358.31,,1358.31
21,Client 21,41,2026-04-22,EUR,3492.54,,3492.54
38,Client 38,510,2026-04-22,EUR,1439.67,,1439.67
39,Client 39,859,2026-04-22,EUR,9003.25,,9003.25
31,Client 31,751,2026-04-23,EUR,7313.76,,7313.76
33,Client 33,920,2026-04-23,EUR,443.64,,443.64
34,Client 34,515,2026-04-23,EUR,2641.44,,2641.44
3,Client 3,370,2026-04-24,EUR,259.21,,259.21
75,Client 75,886,2026-04-24,EUR,1656.83,,1656.83
2,Client 2,899,2026-04-25,EUR,2331.99,,2331.99
7,Client 7,316,2026-04-25,EUR,1985.04,,1985.04
9,Client 9,129,2026-04-26,EUR,5970.93,,5970.93
9,Client 9,375,2026-04-26,EUR,2972.01,,2972.01
38,Client 38,841,2026-04-26,EUR,7525.44,,7525.44
17,Client 17,412,2026-04-27,EUR,1706.93,,1706.93
27,Client 27,938,2026-04-27,EUR,43.35,,43.35
36,Client 36,236,2026-04-27,EUR,1216.32,,1216.32
46,Client 46,773,2026-04-27,EUR,4697.65,,4697.65
1,Client 1,45,2026-04-28,EUR,3367.1,,3367.1
2,Client 2,411,2026-04-28,EUR,6144.63,,6144.63
11,Client 11,981,2026-04-28,EUR,8965.51,,8965.51
37,Client 37,238,2026-04-28,EUR,773.86,,773.86
40,Client 40,518,2026-04-28,EUR,317.1,,317.1
2,Client 2,150,2026-04-29,EUR,774.09,,774.09
2,Client 2,254,2026-04-29,EUR,368.22,,368.22
25,Client 25,456,2026-04-29,EUR,1376.85,,1376.85
25,Client 25,763,2026-04-29,EUR,7749.92,,7749.92
27,Client 27,808,2026-04-29,EUR,185.89,,185.89
7,Client 7,872,2026-04-30,EUR,564.5,,564.5
12,Client 12,959,2026-04-30,EUR,4175.99,,4175.99
13,Client 13,635,2026-04-30,EUR,9663.47,,9663.47
59,Client 59,426,2026-04-30,EUR,1464.33,,1464.33
89,Client 89,856,2026-04-30,EUR,974.23,,974.23
1,Client 1,387,2026-01-01,GBP,9051.61,1.16873589415635,10578.94
22,Client 22,57,2026-01-01,GBP,6595.78,1.16873589415635,7708.72
32,Client 32,49,2026-01-01,GBP,4309.04,1.16873589415635,5036.13
9,Client 9,434,2026-01-02,GBP,440.02,1.16649086732629,513.28
28,Client 28,371,2026-01-02,GBP,6659.38,1.16649086732629,7768.11
66,Client 66,485,2026-01-02,GBP,6745.77,1.16649086732629,7868.88
55,Client 55,740,2026-01-03,GBP,1488.33,1.16649086732629,1736.12
8,Client 8,452,2026-01-04,GBP,1935.83,1.16649086732629,2258.13
14,Client 14,811,2026-01-05,GBP,8864.96,1.15085309068739,10202.27
24,Client 24,365,2026-01-05,GBP,8114.98,1.15085309068739,9339.15
51,Client 51,571,2026-01-05,GBP,8473.47,1.15085309068739,9751.72
64,Client 64,15,2026-01-05,GBP,5674.77,1.15085309068739,6530.83
25,Client 25,742,2026-01-06,GBP,673.88,1.15611735601023,779.08
41,Client 41,200,2026-01-06,GBP,890.17,1.15611735601023,1029.14
53,Client 53,364,2026-01-07,GBP,716.13,1.16556121798534,834.69
69,Client 69,367,2026-01-08,GBP,6997.31,1.17363886524417,8212.31
48,Client 48,605,2026-01-09,GBP,5778.25,1.15794133282904,6690.87
63,Client 63,453,2026-01-09,GBP,6041.65,1.15794133282904,6995.88
6,Client 6,724,2026-01-10,GBP,434.04,1.15794133282904,502.59
11,Client 11,389,2026-01-10,GBP,8520.95,1.15794133282904,9866.76
85,Client 85,329,2026-01-10,GBP,3060.2,1.15794133282904,3543.53
3,Client 3,829,2026-01-11,GBP,4899.45,1.15794133282904,5673.28
19,Client 19,892,2026-01-12,GBP,232.07,1.17299396814264,272.22
15,Client 15,879,2026-01-13,GBP,6802.25,1.1721707079698,7973.4
31,Client 31,870,2026-01-14,GBP,467.36,1.16174833011991,542.95
46,Client 46,696,2026-01-14,GBP,204.05,1.16174833011991,237.05
1,Client 1,273,2026-01-15,GBP,6878.65,1.17325105661514,8070.38
8,Client 8,937,2026-01-15,GBP,5076.89,1.17325105661514,5956.47
18,Client 18,951,2026-01-15,GBP,9664.94,1.17325105661514,11339.4
5,Client 5,908,2026-01-16,GBP,553.17,1.15248820575336,637.52
1,Client 1,960,2026-01-17,GBP,655.45,1.15248820575336,755.4
29,Client 29,685,2026-01-17,GBP,4372.48,1.15248820575336,5039.23
40,Client 40,900,2026-01-17,GBP,392.7,1.15248820575336,452.58
41,Client 41,407,2026-01-17,GBP,5969.33,1.15248820575336,6879.58
44,Client 44,596,2026-01-17,GBP,992.69,1.15248820575336,1144.06
70,Client 70,472,2026-01-17,GBP,1579.01,1.15248820575336,1819.79
20,Client 20,862,2026-01-18,GBP,1556.33,1.15248820575336,1793.65
37,Client 37,61,2026-01-18,GBP,5513.08,1.15248820575336,6353.76
72,Client 72,378,2026-01-18,GBP,449.92,1.15248820575336,518.53
25,Client 25,770,2026-01-19,GBP,829.61,1.17268389522404,972.87
26,Client 26,395,2026-01-20,GBP,3737.67,1.15132358910021,4303.27
40,Client 40,657,2026-01-20,GBP,9347.41,1.15132358910021,10761.89
28,Client 28,239,2026-01-21,GBP,3052.54,1.15228219250507,3517.39
65,Client 65,553,2026-01-21,GBP,6394.58,1.15228219250507,7368.36
12,Client 12,116,2026-01-22,GBP,1968.96,1.17209381970687,2307.81
25,Client 25,465,2026-01-22,GBP,8449.57,1.17209381970687,9903.69
6,Client 6,385,2026-01-23,GBP,8986.58,1.16093765430152,10432.86
26,Client 26,803,2026-01-23,GBP,8369.93,1.16093765430152,9716.97
29,Client 29,10,2026-01-23,GBP,1244.42,1.16093765430152,1444.69
29,Client 29,383,2026-01-23,GBP,7862.41,1.16093765430152,9127.77
35,Client 35,922,2026-01-23,GBP,827.61,1.16093765430152,960.8
15,Client 15,717,2026-01-24,GBP,9748.3,1.16093765430152,11317.17
37,Client 37,54,2026-01-24,GBP,1590.64,1.16093765430152,1846.63
57,Client 57,567,2026-01-24,GBP,6228.62,1.16093765430152,7231.04
12,Client 12,523,2026-01-25,GBP,7218.33,1.16093765430152,8380.03
23,Client 23,332,2026-01-25,GBP,252.31,1.16093765430152,292.92
34,Client 34,871,2026-01-25,GBP,4235.33,1.16093765430152,4916.95
53,Client 53,73,2026-01-27,GBP,7551.59,1.15862728182902,8749.48
56,Client 56,308,2026-01-27,GBP,549.58,1.15862728182902,636.76
1,Client 1,884,2026-01-28,GBP,317.44,1.15547537767655,366.79
82,Client 82,628,2026-01-28,GBP,417.91,1.15547537767655,482.88
26,Client 26,494,2026-01-29,GBP,1356.09,1.15657858287395,1568.42
34,Client 34,697,2026-01-29,GBP,6371.44,1.15657858287395,7369.07
5,Client 5,683,2026-01-31,GBP,2165.37,1.15657858287395,2504.42
28,Client 28,181,2026-01-31,GBP,3030.96,1.15657858287395,3505.54
51,Client 51,372,2026-02-01,GBP,321.71,1.15657858287395,372.08
37,Client 37,489,2026-02-02,GBP,6201.92,1.17762937472303,7303.56
13,Client 13,104,2026-02-03,GBP,1977.57,1.17057423508862,2314.89
79,Client 79,647,2026-02-03,GBP,3293.37,1.17057423508862,3855.13
2,Client 2,490,2026-02-04,GBP,1759.17,1.17066198544098,2059.39
15,Client 15,166,2026-02-04,GBP,1395.08,1.17066198544098,1633.17
21,Client 21,311,2026-02-04,GBP,5721.64,1.17066198544098,6698.11
67,Client 67,572,2026-02-04,GBP,186.32,1.17066198544098,218.12
3,Client 3,671,2026-02-05,GBP,8168.98,1.16905121959957,9549.96
12,Client 12,678,2026-02-05,GBP,1698.37,1.16905121959957,1985.48
64,Client 64,330,2026-02-05,GBP,287.0,1.16905121959957,335.52
80,Client 80,728,2026-02-05,GBP,1238.33,1.16905121959957,1447.67
83,Client 83,192,2026-02-05,GBP,1192.85,1.16905121959957,1394.5
4,Client 4,119,2026-02-06,GBP,8637.93,1.1625720749098,10042.22
4,Client 4,897,2026-02-06,GBP,5448.9,1.1625720749098,6334.74
19,Client 19,570,2026-02-06,GBP,294.27,1.1625720749098,342.11
41,Client 41,746,2026-02-06,GBP,844.59,1.1625720749098,981.9
55,Client 55,79,2026-02-06,GBP,3220.31,1.1625720749098,3743.84
65,Client 65,983,2026-02-06,GBP,5875.13,1.1625720749098,6830.26
34,Client 34,866,2026-02-07,GBP,729.19,1.1625720749098,847.74
39,Client 39,111,2026-02-07,GBP,4902.06,1.1625720749098,5699.0
62,Client 62,296,2026-02-08,GBP,200.12,1.1625720749098,232.65
15,Client 15,115,2026-02-09,GBP,5220.4,1.17437356328334,6130.7
20,Client 20,131,2026-02-09,GBP,5963.93,1.17437356328334,7003.88
27,Client 27,836,2026-02-09,GBP,1922.23,1.17437356328334,2257.42
47,Client 47,734,2026-02-09,GBP,1638.56,1.17437356328334,1924.28
30,Client 30,831,2026-02-10,GBP,9793.98,1.16988202610504,11457.8
38,Client 38,222,2026-02-10,GBP,1743.23,1.16988202610504,2039.37
48,Client 48,432,2026-02-10,GBP,1102.19,1.16988202610504,1289.43
64,Client 64,828,2026-02-11,GBP,1190.38,1.1484743462834,1367.12
1,Client 1,695,2026-02-12,GBP,2091.34,1.15144071082171,2408.05
13,Client 13,733,2026-02-12,GBP,3936.18,1.15144071082171,4532.28
25,Client 25,979,2026-02-12,GBP,3794.55,1.15144071082171,4369.2
28,Client 28,280,2026-02-12,GBP,1627.84,1.15144071082171,1874.36
86,Client 86,263,2026-02-12,GBP,5977.4,1.15144071082171,6882.62
12,Client 12,795,2026-02-13,GBP,3359.05,1.14211503495019,3836.42
19,Client 19,592,2026-02-13,GBP,639.38,1.14211503495019,730.25
76,Client 76,945,2026-02-13,GBP,6894.65,1.14211503495019,7874.48
28,Client 28,47,2026-02-14,GBP,3496.35,1.14211503495019,3993.23
35,Client 35,491,2026-02-14,GBP,2657.66,1.14211503495019,3035.35
57,Client 57,575,2026-02-14,GBP,2048.71,1.14211503495019,2339.86
27,Client 27,76,2026-02-15,GBP,1824.59,1.14211503495019,2083.89
35,Client 35,219,2026-02-15,GBP,8571.53,1.14211503495019,9789.67
38,Client 38,105,2026-02-15,GBP,5177.47,1.14211503495019,5913.27
71,Client 71,492,2026-02-15,GBP,1207.83,1.14211503495019,1379.48
86,Client 86,379,2026-02-15,GBP,8211.58,1.14211503495019,9378.57
26,Client 26,560,2026-02-16,GBP,1151.32,1.16080198712541,1336.45
68,Client 68,109,2026-02-16,GBP,4686.93,1.16080198712541,5440.6
4,Client 4,815,2026-02-17,GBP,9224.75,1.17560380141133,10844.65
85,Client 85,847,2026-02-18,GBP,9135.14,1.14729128193124,10480.67
20,Client 20,737,2026-02-19,GBP,6853.85,1.17363435490952,8043.91
27,Client 27,205,2026-02-19,GBP,7009.76,1.17363435490952,8226.9
22,Client 22,62,2026-02-20,GBP,1084.16,1.16442074016867,1262.42
55,Client 55,327,2026-02-21,GBP,4580.22,1.16442074016867,5333.3
11,Client 11,843,2026-02-22,GBP,9076.67,1.16442074016867,10569.06
13,Client 13,179,2026-02-22,GBP,6948.89,1.16442074016867,8091.43
41,Client 41,710,2026-02-23,GBP,241.22,1.15555501255781,278.74
54,Client 54,711,2026-02-23,GBP,9922.89,1.15555501255781,11466.45
5,Client 5,314,2026-02-24,GBP,701.67,1.17661301730608,825.59
78,Client 78,127,2026-02-24,GBP,9494.64,1.17661301730608,11171.52
1,Client 1,956,2026-02-25,GBP,868.29,1.16317767032437,1009.98
8,Client 8,530,2026-02-25,GBP,1893.82,1.16317767032437,2202.85
43,Client 43,46,2026-02-26,GBP,1074.72,1.17266406855373,1260.29
25,Client 25,793,2026-02-27,GBP,8013.98,1.14673168233864,9189.88
27,Client 27,903,2026-02-27,GBP,7649.97,1.14673168233864,8772.46
44,Client 44,939,2026-02-27,GBP,6252.58,1.14673168233864,7170.03
56,Client 56,794,2026-02-27,GBP,39.11,1.14673168233864,44.85
13,Client 13,853,2026-03-01,GBP,4924.77,1.14673168233864,5647.39
22,Client 22,789,2026-03-01,GBP,7253.84,1.14673168233864,8318.21
74,Client 74,357,2026-03-01,GBP,8601.06,1.14673168233864,9863.11
17,Client 17,799,2026-03-02,GBP,4167.54,1.14720080266737,4781.01
33,Client 33,384,2026-03-02,GBP,1227.76,1.14720080266737,1408.49
36,Client 36,267,2026-03-03,GBP,9995.31,1.159805578591,11592.62
38,Client 38,160,2026-03-03,GBP,342.4,1.159805578591,397.12
47,Client 47,223,2026-03-03,GBP,6898.06,1.159805578591,8000.41
5,Client 5,53,2026-03-04,GBP,8081.82,1.15894881495254,9366.42
26,Client 26,13,2026-03-04,GBP,6379.57,1.15894881495254,7393.6
63,Client 63,692,2026-03-04,GBP,1345.4,1.15894881495254,1559.25
2,Client 2,507,2026-03-05,GBP,9942.53,1.17543067651859,11686.75
6,Client 6,533,2026-03-05,GBP,4916.75,1.17543067651859,5779.3
7,Client 7,355,2026-03-05,GBP,4523.26,1.17543067651859,5316.78
20,Client 20,788,2026-03-05,GBP,1416.2,1.17543067651859,1664.64
42,Client 42,245,2026-03-06,GBP,3046.99,1.15534335228745,3520.32
5,Client 5,457,2026-03-09,GBP,9122.06,1.16404975508771,10618.53
64,Client 64,594,2026-03-09,GBP,1784.83,1.16404975508771,2077.63
6,Client 6,55,2026-03-10,GBP,9720.22,1.16060896607117,11281.37
13,Client 13,413,2026-03-10,GBP,3488.81,1.16060896607117,4049.14
44,Client 44,987,2026-03-10,GBP,6678.71,1.16060896607117,7751.37
51,Client 51,947,2026-03-11,GBP,7265.28,1.14102623017511,8289.88
36,Client 36,276,2026-03-13,GBP,1242.79,1.16439327140103,1447.1
61,Client 61,58,2026-03-13,GBP,1503.5,1.16439327140103,1750.67
88,Client 88,497,2026-03-13,GBP,2567.46,1.16439327140103,2989.53
8,Client 8,340,2026-03-14,GBP,538.12,1.16439327140103,626.58
19,Client 19,531,2026-03-15,GBP,7095.22,1.16439327140103,8261.63
21,Client 21,393,2026-03-16,GBP,8735.76,1.16207598261286,10151.62
26,Client 26,786,2026-03-18,GBP,872.61,1.17452550247462,1024.9
4,Client 4,96,2026-03-19,GBP,1060.02,1.15370299142735,1222.95
51,Client 51,968,2026-03-19,GBP,1383.91,1.15370299142735,1596.62
69,Client 69,933,2026-03-20,GBP,5818.8,1.15289872042073,6708.49
12,Client 12,266,2026-03-21,GBP,1337.27,1.15289872042073,1541.74
1,Client 1,562,2026-03-22,GBP,1787.25,1.15289872042073,2060.52
7,Client 7,583,2026-03-22,GBP,8935.47,1.15289872042073,10301.69
36,Client 36,834,2026-03-22,GBP,347.76,1.15289872042073,400.93
41,Client 41,137,2026-03-22,GBP,7538.21,1.15289872042073,8690.79
8,Client 8,77,2026-03-23,GBP,2144.88,1.15330797271819,2473.71
43,Client 43,473,2026-03-23,GBP,8993.81,1.15330797271819,10372.63
27,Client 27,781,2026-03-24,GBP,5236.55,1.15560482124526,6051.38
41,Client 41,888,2026-03-24,GBP,1822.11,1.15560482124526,2105.64
19,Client 19,154,2026-03-25,GBP,485.17,1.16012146509073,562.86
8,Client 8,598,2026-03-26,GBP,1336.11,1.16949142987781,1562.57
9,Client 9,887,2026-03-26,GBP,2363.62,1.16949142987781,2764.23
59,Client 59,118,2026-03-26,GBP,1001.2,1.16949142987781,1170.89
34,Client 34,391,2026-03-27,GBP,8719.71,1.15728959537711,10091.23
53,Client 53,650,2026-03-27,GBP,1672.46,1.15728959537711,1935.52
67,Client 67,677,2026-03-27,GBP,9734.76,1.15728959537711,11265.94
3,Client 3,361,2026-03-28,GBP,2576.67,1.15728959537711,2981.95
8,Client 8,587,2026-03-28,GBP,5211.57,1.15728959537711,6031.3
60,Client 60,623,2026-03-28,GBP,5663.97,1.15728959537711,6554.85
4,Client 4,755,2026-03-29,GBP,4462.37,1.15728959537711,5164.25
33,Client 33,436,2026-03-29,GBP,232.75,1.15728959537711,269.36
40,Client 40,652,2026-03-29,GBP,364.0,1.15728959537711,421.25
49,Client 49,177,2026-03-29,GBP,7267.61,1.15728959537711,8410.73
1,Client 1,257,2026-03-30,GBP,8943.35,1.17065227082547,10469.55
6,Client 6,265,2026-03-30,GBP,7412.11,1.17065227082547,8677.0
14,Client 14,33,2026-03-30,GBP,3458.27,1.17065227082547,4048.43
12,Client 12,883,2026-03-31,GBP,6719.58,1.17204922921779,7875.68
13,Client 13,82,2026-03-31,GBP,258.08,1.17204922921779,302.48
29,Client 29,29,2026-03-31,GBP,6250.13,1.17204922921779,7325.46
2,Client 2,328,2026-04-01,GBP,698.74,1.1666705610347,815.2
22,Client 22,597,2026-04-01,GBP,7406.78,1.1666705610347,8641.27
61,Client 61,466,2026-04-01,GBP,261.27,1.1666705610347,304.82
75,Client 75,816,2026-04-01,GBP,1717.47,1.1666705610347,2003.72
4,Client 4,2,2026-04-02,GBP,1999.44,1.1390998225137,2277.56
16,Client 16,446,2026-04-02,GBP,560.12,1.1390998225137,638.03
17,Client 17,857,2026-04-02,GBP,3247.85,1.1390998225137,3699.63
75,Client 75,188,2026-04-03,GBP,355.77,1.16803813051376,415.55
34,Client 34,9,2026-04-04,GBP,6719.65,1.16803813051376,7848.81
19,Client 19,532,2026-04-05,GBP,1196.02,1.16803813051376,1397.0
29,Client 29,212,2026-04-05,GBP,1317.4,1.16803813051376,1538.77
57,Client 57,855,2026-04-05,GBP,2611.84,1.16803813051376,3050.73
71,Client 71,756,2026-04-06,GBP,1268.11,1.15566696593097,1465.51
8,Client 8,68,2026-04-07,GBP,1559.36,1.1687254159143,1822.46
66,Client 66,606,2026-04-07,GBP,1510.51,1.1687254159143,1765.37
7,Client 7,185,2026-04-08,GBP,6319.88,1.15335772556696,7289.08
37,Client 37,130,2026-04-08,GBP,953.73,1.15335772556696,1099.99
37,Client 37,552,2026-04-08,GBP,1071.44,1.15335772556696,1235.75
70,Client 70,646,2026-04-08,GBP,796.46,1.15335772556696,918.6
9,Client 9,891,2026-04-09,GBP,3724.01,1.17570032280543,4378.32
16,Client 16,610,2026-04-09,GBP,1648.39,1.17570032280543,1938.01
27,Client 27,584,2026-04-10,GBP,152.83,1.1531765739888,176.24
54,Client 54,416,2026-04-10,GBP,326.23,1.1531765739888,376.2
15,Client 15,807,2026-04-13,GBP,8573.18,1.16770863101464,10010.98
66,Client 66,6,2026-04-14,GBP,722.74,1.14554390027528,827.93
15,Client 15,369,2026-04-15,GBP,6242.42,1.16457676454429,7269.78
18,Client 18,144,2026-04-16,GBP,1303.83,1.16473627387728,1518.62
46,Client 46,260,2026-04-16,GBP,333.14,1.16473627387728,388.02
20,Client 20,765,2026-04-17,GBP,9053.3,1.1640622668505,10538.6
4,Client 4,133,2026-04-18,GBP,4177.16,1.1640622668505,4862.47
3,Client 3,512,2026-04-19,GBP,90.71,1.1640622668505,105.59
9,Client 9,950,2026-04-19,GBP,200.5,1.1640622668505,233.39
32,Client 32,117,2026-04-19,GBP,7465.47,1.1640622668505,8690.27
66,Client 66,752,2026-04-19,GBP,897.94,1.1640622668505,1045.26
39,Client 39,904,2026-04-20,GBP,563.48,1.17200411548413,660.4
47,Client 47,31,2026-04-21,GBP,7996.93,1.16976309126481,9354.51
56,Client 56,689,2026-04-21,GBP,7831.85,1.16976309126481,9161.41
85,Client 85,622,2026-04-21,GBP,1098.46,1.16976309126481,1284.94
4,Client 4,926,2026-04-22,GBP,1402.41,1.15842276041746,1624.58
22,Client 22,542,2026-04-22,GBP,1960.42,1.15842276041746,2271.0
47,Client 47,240,2026-04-22,GBP,1268.76,1.15842276041746,1469.76
19,Client 19,500,2026-04-23,GBP,944.79,1.14189868675004,1078.85
20,Client 20,126,2026-04-23,GBP,1224.71,1.14189868675004,1398.49
24,Client 24,776,2026-04-23,GBP,1716.04,1.14189868675004,1959.54
18,Client 18,954,2026-04-24,GBP,862.63,1.16571347510327,1005.58
3,Client 3,880,2026-04-26,GBP,312.58,1.16571347510327,364.38
56,Client 56,85,2026-04-27,GBP,2914.14,1.1747665862543,3423.43
14,Client 14,910,2026-04-28,GBP,1504.84,1.15926388884208,1744.51
10,Client 10,261,2026-04-29,GBP,5550.0,1.14902654131433,6377.1
39,Client 39,845,2026-04-29,GBP,9526.19,1.14902654131433,10945.85
79,Client 79,292,2026-04-29,GBP,1035.2,1.14902654131433,1189.47
26,Client 26,481,2026-04-30,GBP,6325.59,1.16275635157887,7355.12
46,Client 46,400,2026-04-30,GBP,1356.17,1.16275635157887,1576.9
54,Client 54,251,2026-04-30,GBP,6682.83,1.16275635157887,7770.5
1,Client 1,750,2026-01-01,JPY,37222.79,0.00620091443457401,230.82
14,Client 14,723,2026-01-02,JPY,1531819.17,0.00607771264633247,9309.96
16,Client 16,972,2026-01-02,JPY,135209.36,0.00607771264633247,821.76
21,Client 21,976,2026-01-04,JPY,174872.85,0.00607771264633247,1062.83
23,Client 23,624,2026-01-04,JPY,227707.12,0.00607771264633247,1383.94
5,Client 5,458,2026-01-05,JPY,108850.02,0.00626205482159617,681.62
50,Client 50,729,2026-01-06,JPY,450423.17,0.00611144876261711,2752.74
11,Client 11,438,2026-01-07,JPY,175079.53,0.00630438606109187,1103.77
51,Client 51,180,2026-01-07,JPY,307682.79,0.00630438606109187,1939.75
2,Client 2,451,2026-01-08,JPY,1157494.47,0.00645391627162693,7470.37
30,Client 30,358,2026-01-08,JPY,204315.63,0.00645391627162693,1318.64
39,Client 39,264,2026-01-08,JPY,246296.57,0.00645391627162693,1589.58
22,Client 22,409,2026-01-09,JPY,579758.55,0.00605599585523162,3511.02
18,Client 18,460,2026-01-11,JPY,209091.07,0.00605599585523162,1266.25
36,Client 36,50,2026-01-11,JPY,103692.47,0.00605599585523162,627.96
25,Client 25,477,2026-01-14,JPY,678447.78,0.00607831451076408,4123.82
7,Client 7,918,2026-01-15,JPY,45249.28,0.006273450106488,283.87
82,Client 82,425,2026-01-15,JPY,823613.24,0.006273450106488,5166.9
4,Client 4,520,2026-01-16,JPY,262692.02,0.00608695719468795,1599.0
3,Client 3,373,2026-01-17,JPY,607507.98,0.00608695719468795,3697.88
20,Client 20,706,2026-01-17,JPY,138684.0,0.00608695719468795,844.16
23,Client 23,614,2026-01-17,JPY,86509.38,0.00608695719468795,526.58
77,Client 77,555,2026-01-17,JPY,976515.09,0.00608695719468795,5944.01
81,Client 81,135,2026-01-17,JPY,890887.39,0.00608695719468795,5422.79
36,Client 36,547,2026-01-24,JPY,512667.51,0.00608695719468795,3120.59
37,Client 37,301,2026-01-25,JPY,494642.88,0.00608695719468795,3010.87
48,Client 48,615,2026-01-25,JPY,984361.32,0.00608695719468795,5991.77
62,Client 62,138,2026-01-25,JPY,207498.11,0.00608695719468795,1263.03
4,Client 4,27,2026-01-26,JPY,428181.77,0.00629771800008131,2696.57
43,Client 43,60,2026-01-26,JPY,102276.99,0.00629771800008131,644.11
42,Client 42,198,2026-01-27,JPY,308294.55,0.00618758676111183,1907.6
57,Client 57,985,2026-01-27,JPY,1020691.0,0.00618758676111183,6315.61
50,Client 50,608,2026-01-28,JPY,18220.04,0.00627770497949036,114.38
4,Client 4,713,2026-01-29,JPY,451995.34,0.00610739533807885,2760.51
19,Client 19,182,2026-01-30,JPY,1956.64,0.00620924788715511,12.15
35,Client 35,864,2026-02-01,JPY,119875.18,0.00620924788715511,744.33
31,Client 31,217,2026-02-02,JPY,425610.92,0.00622309537229451,2648.62
20,Client 20,87,2026-02-03,JPY,1071447.33,0.00620513608594796,6648.48
55,Client 55,568,2026-02-04,JPY,217099.9,0.00610409919035732,1325.2
28,Client 28,551,2026-02-05,JPY,489436.65,0.00613960956275155,3004.95
1,Client 1,612,2026-02-06,JPY,268503.69,0.00620239318144658,1665.37
7,Client 7,539,2026-02-06,JPY,721877.4,0.00620239318144658,4477.37
17,Client 17,901,2026-02-07,JPY,1452614.55,0.00620239318144658,9009.69
38,Client 38,874,2026-02-07,JPY,183489.33,0.00620239318144658,1138.07
57,Client 57,171,2026-02-09,JPY,1261072.2,0.00620073063727406,7819.57
63,Client 63,896,2026-02-09,JPY,124923.49,0.00620073063727406,774.62
78,Client 78,441,2026-02-09,JPY,1308175.97,0.00620073063727406,8111.65
20,Client 20,759,2026-02-10,JPY,1186484.2,0.00622322961581764,7383.76
24,Client 24,294,2026-02-11,JPY,114129.37,0.00604992316067928,690.47
49,Client 49,955,2026-02-12,JPY,1162310.38,0.00619603638579604,7201.72
56,Client 56,406,2026-02-16,JPY,298703.28,0.00611068797263708,1825.28
80,Client 80,561,2026-02-17,JPY,396123.61,0.00621285510000711,2461.06
15,Client 15,632,2026-02-18,JPY,109009.1,0.00643890359573925,701.9
25,Client 25,679,2026-02-19,JPY,1367074.24,0.00628287659776049,8589.16
60,Client 60,8,2026-02-19,JPY,177327.14,0.00628287659776049,1114.12
63,Client 63,914,2026-02-19,JPY,291081.4,0.00628287659776049,1828.83
6,Client 6,506,2026-02-20,JPY,184609.81,0.00630480197439949,1163.93
36,Client 36,559,2026-02-20,JPY,903653.47,0.00630480197439949,5697.36
46,Client 46,11,2026-02-20,JPY,1110097.55,0.00630480197439949,6998.95
5,Client 5,556,2026-02-21,JPY,189052.12,0.00630480197439949,1191.94
7,Client 7,206,2026-02-22,JPY,309655.59,0.00630480197439949,1952.32
62,Client 62,524,2026-02-23,JPY,130201.08,0.00603308676409095,785.51
8,Client 8,580,2026-02-24,JPY,103964.23,0.00616657529088496,641.1
13,Client 13,627,2026-02-25,JPY,1016937.39,0.00603877726928255,6141.06
33,Client 33,837,2026-02-25,JPY,1448468.02,0.00603877726928255,8746.98
45,Client 45,26,2026-02-25,JPY,294805.77,0.00603877726928255,1780.27
48,Client 48,633,2026-02-26,JPY,1225883.33,0.00623772962654604,7646.73
18,Client 18,201,2026-02-27,JPY,614341.9,0.00638437157977518,3922.19
21,Client 21,757,2026-02-27,JPY,1441688.87,0.00638437157977518,9204.28
5,Client 5,541,2026-02-28,JPY,818536.83,0.00638437157977518,5225.84
7,Client 7,158,2026-02-28,JPY,251972.25,0.00638437157977518,1608.68
21,Client 21,925,2026-02-28,JPY,594810.74,0.00638437157977518,3797.49
35,Client 35,324,2026-03-01,JPY,67989.75,0.00638437157977518,434.07
84,Client 84,564,2026-03-02,JPY,7686.56,0.00617626080387933,47.47
10,Client 10,136,2026-03-03,JPY,243072.14,0.00610674083434389,1484.38
56,Client 56,877,2026-03-03,JPY,352303.8,0.00610674083434389,2151.43
31,Client 31,943,2026-03-04,JPY,1167075.5,0.00600050384284423,7003.04
12,Client 12,202,2026-03-05,JPY,229231.81,0.00633232638071512,1451.57
2,Client 2,654,2026-03-08,JPY,1740.98,0.00633232638071512,11.02
28,Client 28,170,2026-03-08,JPY,276101.43,0.00633232638071512,1748.36
67,Client 67,540,2026-03-09,JPY,175249.35,0.00629097381749598,1102.49
44,Client 44,174,2026-03-10,JPY,21187.02,0.0062647162696787,132.73
5,Client 5,159,2026-03-11,JPY,1451774.69,0.00632805407616775,9186.91
33,Client 33,65,2026-03-11,JPY,1123466.31,0.00632805407616775,7109.36
44,Client 44,468,2026-03-11,JPY,73933.97,0.00632805407616775,467.86
46,Client 46,140,2026-03-12,JPY,178568.82,0.0062686848512766,1119.39
38,Client 38,893,2026-03-13,JPY,1210399.56,0.00618915021114365,7491.34
49,Client 49,509,2026-03-13,JPY,1233961.78,0.00618915021114365,7637.17
3,Client 3,268,2026-03-14,JPY,317878.48,0.00618915021114365,1967.4
56,Client 56,414,2026-03-15,JPY,226396.45,0.00618915021114365,1401.2
29,Client 29,224,2026-03-16,JPY,175953.41,0.00628849904671867,1106.48
48,Client 48,303,2026-03-16,JPY,484344.69,0.00628849904671867,3045.8
39,Client 39,963,2026-03-18,JPY,352985.09,0.00623620139119425,2201.29
39,Client 39,339,2026-03-20,JPY,626150.53,0.00602123283880682,3770.2
9,Client 9,449,2026-03-21,JPY,1479863.37,0.00602123283880682,8910.6
37,Client 37,842,2026-03-21,JPY,283732.15,0.00602123283880682,1708.42
31,Client 31,91,2026-03-22,JPY,510288.29,0.00602123283880682,3072.56
4,Client 4,191,2026-03-23,JPY,1566065.88,0.00631619373177468,9891.58
57,Client 57,271,2026-03-23,JPY,726010.52,0.00631619373177468,4585.62
28,Client 28,394,2026-03-24,JPY,118869.75,0.00615920846472287,732.14
63,Client 63,478,2026-03-24,JPY,264610.83,0.00615920846472287,1629.79
14,Client 14,878,2026-03-26,JPY,81094.59,0.00617607752021302,500.85
49,Client 49,346,2026-03-27,JPY,80747.95,0.00613869053170916,495.69
75,Client 75,81,2026-03-27,JPY,477197.8,0.00613869053170916,2929.37
24,Client 24,100,2026-03-28,JPY,268988.77,0.00613869053170916,1651.24
9,Client 9,244,2026-03-30,JPY,83789.68,0.00602079548998648,504.48
54,Client 54,812,2026-03-30,JPY,284376.83,0.00602079548998648,1712.17
24,Client 24,86,2026-03-31,JPY,111876.56,0.00608033395307865,680.25
36,Client 36,522,2026-03-31,JPY,258874.41,0.00608033395307865,1574.04
50,Client 50,902,2026-03-31,JPY,109782.85,0.00608033395307865,667.52
1,Client 1,921,2026-04-01,JPY,1370855.7,0.00613008534219081,8403.46
12,Client 12,617,2026-04-02,JPY,480704.27,0.00637704315165667,3065.47
54,Client 54,651,2026-04-02,JPY,612706.28,0.00637704315165667,3907.25
2,Client 2,199,2026-04-03,JPY,857250.97,0.00626138413414754,5367.58
28,Client 28,21,2026-04-03,JPY,1090477.31,0.00626138413414754,6827.9
27,Client 27,233,2026-04-04,JPY,852361.43,0.00626138413414754,5336.96
30,Client 30,67,2026-04-04,JPY,1329404.43,0.00626138413414754,8323.91
43,Client 43,377,2026-04-04,JPY,1403538.35,0.00626138413414754,8788.09
64,Client 64,801,2026-04-04,JPY,969036.35,0.00626138413414754,6067.51
10,Client 10,288,2026-04-05,JPY,256250.3,0.00626138413414754,1604.48
56,Client 56,143,2026-04-05,JPY,1401023.23,0.00626138413414754,8772.34
43,Client 43,998,2026-04-06,JPY,65766.64,0.00622038227275275,409.09
64,Client 64,743,2026-04-07,JPY,1173072.7,0.00631543543384089,7408.46
9,Client 9,195,2026-04-08,JPY,865512.07,0.00633601113662482,5483.89
64,Client 64,112,2026-04-09,JPY,244732.08,0.00616976757579237,1509.94
51,Client 51,213,2026-04-12,JPY,1247085.19,0.00616976757579237,7694.23
40,Client 40,415,2026-04-13,JPY,1484019.45,0.00624926864838004,9274.04
45,Client 45,139,2026-04-15,JPY,370466.32,0.00620696526645189,2299.47
44,Client 44,326,2026-04-16,JPY,258206.65,0.00620543505779386,1602.28
21,Client 21,946,2026-04-17,JPY,143006.29,0.00615680577983916,880.46
13,Client 13,298,2026-04-18,JPY,70609.95,0.00615680577983916,434.73
4,Client 4,634,2026-04-23,JPY,159944.28,0.00600872934829358,961.06
42,Client 42,660,2026-04-24,JPY,280950.03,0.00629705238200132,1769.16
42,Client 42,941,2026-04-24,JPY,1039601.68,0.00629705238200132,6546.43
76,Client 76,907,2026-04-24,JPY,399114.83,0.00629705238200132,2513.25
9,Client 9,89,2026-04-27,JPY,783864.19,0.00627002429533624,4914.85
7,Client 7,56,2026-04-30,JPY,66872.58,0.00622787230349707,416.47
64,Client 64,830,2026-04-30,JPY,54886.48,0.00622787230349707,341.83
2,Client 2,931,2026-01-01,USD,3812.17,0.887066049536785,3381.65
59,Client 59,248,2026-01-01,USD,1179.89,0.887066049536785,1046.64
27,Client 27,338,2026-01-02,USD,1510.96,0.866344607031675,1309.01
27,Client 27,277,2026-01-03,USD,9611.83,0.866344607031675,8327.16
44,Client 44,777,2026-01-03,USD,7027.41,0.866344607031675,6088.16
56,Client 56,72,2026-01-05,USD,823.82,0.875363360323821,721.14
62,Client 62,666,2026-01-05,USD,1562.93,0.875363360323821,1368.13
29,Client 29,936,2026-01-06,USD,373.52,0.868390626231369,324.36
34,Client 34,639,2026-01-06,USD,3673.48,0.868390626231369,3190.02
47,Client 47,221,2026-01-06,USD,6932.84,0.868390626231369,6020.41
36,Client 36,80,2026-01-09,USD,1475.52,0.866755090421711,1278.91
4,Client 4,190,2026-01-10,USD,125.26,0.866755090421711,108.57
28,Client 28,858,2026-01-10,USD,296.72,0.866755090421711,257.18
13,Client 13,546,2026-01-11,USD,701.08,0.866755090421711,607.66
15,Client 15,351,2026-01-11,USD,8754.86,0.866755090421711,7588.32
30,Client 30,747,2026-01-11,USD,3608.79,0.866755090421711,3127.94
39,Client 39,927,2026-01-11,USD,2826.12,0.866755090421711,2449.55
16,Client 16,487,2026-01-12,USD,9963.5,0.881907272561136,8786.88
14,Client 14,227,2026-01-13,USD,6925.94,0.876176408455111,6068.35
28,Client 28,543,2026-01-13,USD,8095.21,0.876176408455111,7092.83
39,Client 39,307,2026-01-13,USD,2540.9,0.876176408455111,2226.28
16,Client 16,483,2026-01-14,USD,4377.9,0.878474014325766,3845.87
44,Client 44,585,2026-01-14,USD,3877.23,0.878474014325766,3406.05
47,Client 47,613,2026-01-14,USD,5942.92,0.878474014325766,5220.7
10,Client 10,207,2026-01-15,USD,2938.47,0.880493473923209,2587.3
10,Client 10,408,2026-01-15,USD,1681.21,0.880493473923209,1480.29
28,Client 28,667,2026-01-15,USD,3635.69,0.880493473923209,3201.2
6,Client 6,435,2026-01-16,USD,7207.79,0.860455027380386,6201.98
7,Client 7,319,2026-01-16,USD,3274.43,0.860455027380386,2817.5
22,Client 22,398,2026-01-17,USD,967.14,0.860455027380386,832.18
2,Client 2,32,2026-01-18,USD,1069.91,0.860455027380386,920.61
2,Client 2,108,2026-01-19,USD,848.63,0.877699773599308,744.84
41,Client 41,824,2026-01-19,USD,1417.72,0.877699773599308,1244.33
67,Client 67,739,2026-01-19,USD,4266.44,0.877699773599308,3744.65
22,Client 22,825,2026-01-20,USD,8947.29,0.87940535584962,7868.29
76,Client 76,335,2026-01-20,USD,2845.32,0.87940535584962,2502.19
10,Client 10,23,2026-01-21,USD,6275.39,0.856301289432837,5373.62
35,Client 35,664,2026-01-21,USD,1519.96,0.856301289432837,1301.54
47,Client 47,686,2026-01-21,USD,1563.66,0.856301289432837,1338.96
22,Client 22,957,2026-01-23,USD,5470.16,0.897344221590617,4908.62
90,Client 90,235,2026-01-24,USD,6111.97,0.897344221590617,5484.54
5,Client 5,731,2026-01-25,USD,4069.69,0.897344221590617,3651.91
6,Client 6,7,2026-01-26,USD,5809.69,0.869654703439052,5052.42
8,Client 8,774,2026-01-26,USD,237.43,0.869654703439052,206.48
58,Client 58,225,2026-01-26,USD,2326.03,0.869654703439052,2022.84
15,Client 15,977,2026-01-27,USD,8011.62,0.8704198006447,6973.47
20,Client 20,345,2026-01-27,USD,8620.3,0.8704198006447,7503.28
26,Client 26,558,2026-01-27,USD,989.73,0.8704198006447,861.48
33,Client 33,714,2026-01-28,USD,1478.39,0.877403408179477,1297.14
18,Client 18,813,2026-01-29,USD,7334.18,0.880455711683463,6457.42
46,Client 46,840,2026-01-29,USD,178.29,0.880455711683463,156.98
51,Client 51,771,2026-01-29,USD,5295.66,0.880455711683463,4662.59
3,Client 3,43,2026-01-31,USD,9859.03,0.880455711683463,8680.44
9,Client 9,167,2026-02-01,USD,6983.5,0.880455711683463,6148.66
93,Client 93,656,2026-02-01,USD,968.28,0.880455711683463,852.53
5,Client 5,255,2026-02-02,USD,2332.58,0.87630074938601,2044.04
12,Client 12,849,2026-02-03,USD,2441.78,0.861910631086096,2104.6
33,Client 33,37,2026-02-03,USD,6692.28,0.861910631086096,5768.15
96,Client 96,817,2026-02-04,USD,4432.24,0.878724471576604,3894.72
10,Client 10,343,2026-02-05,USD,5408.67,0.883820046041719,4780.29
14,Client 14,290,2026-02-05,USD,183.21,0.883820046041719,161.92
37,Client 37,237,2026-02-05,USD,4214.62,0.883820046041719,3724.97
15,Client 15,804,2026-02-07,USD,1277.16,0.883820046041719,1128.78
13,Client 13,579,2026-02-08,USD,4340.12,0.883820046041719,3835.89
20,Client 20,516,2026-02-08,USD,1295.73,0.883820046041719,1145.19
27,Client 27,196,2026-02-08,USD,1653.58,0.883820046041719,1461.47
16,Client 16,450,2026-02-09,USD,1200.24,0.878719139888124,1054.67
20,Client 20,906,2026-02-09,USD,1969.84,0.878719139888124,1730.94
46,Client 46,146,2026-02-09,USD,814.93,0.878719139888124,716.09
22,Client 22,602,2026-02-10,USD,230.85,0.883308813279721,203.91
36,Client 36,527,2026-02-10,USD,4550.93,0.883308813279721,4019.88
16,Client 16,443,2026-02-11,USD,2843.79,0.871761809220523,2479.11
32,Client 32,448,2026-02-11,USD,1120.06,0.871761809220523,976.43
45,Client 45,132,2026-02-11,USD,161.11,0.871761809220523,140.45
75,Client 75,325,2026-02-11,USD,7023.6,0.871761809220523,6122.91
33,Client 33,74,2026-02-12,USD,1655.33,0.871650227981093,1442.87
6,Client 6,360,2026-02-13,USD,1363.65,0.864653372581499,1179.08
12,Client 12,966,2026-02-16,USD,1834.71,0.865854681946101,1588.59
47,Client 47,722,2026-02-17,USD,1056.25,0.866651827526053,915.4
11,Client 11,428,2026-02-18,USD,1944.29,0.875495763450627,1702.22
9,Client 9,535,2026-02-19,USD,2220.29,0.888434137583205,1972.58
87,Client 87,12,2026-02-19,USD,790.57,0.888434137583205,702.37
12,Client 12,827,2026-02-20,USD,5953.18,0.870151432782599,5180.17
41,Client 41,517,2026-02-20,USD,2081.05,0.870151432782599,1810.83
8,Client 8,256,2026-02-22,USD,1375.08,0.870151432782599,1196.53
95,Client 95,3,2026-02-22,USD,7808.97,0.870151432782599,6794.99
52,Client 52,682,2026-02-23,USD,1325.42,0.863714302525243,1144.78
68,Client 68,486,2026-02-24,USD,1677.92,0.862281809222432,1446.84
8,Client 8,905,2026-02-25,USD,4088.39,0.866821530934894,3543.9
16,Client 16,890,2026-02-26,USD,1679.97,0.879453816900876,1477.46
31,Client 31,822,2026-02-27,USD,1252.98,0.886513509864795,1110.78
13,Client 13,102,2026-02-28,USD,1194.15,0.886513509864795,1058.63
21,Client 21,374,2026-02-28,USD,783.42,0.886513509864795,694.51
63,Client 63,974,2026-02-28,USD,32.49,0.886513509864795,28.8
92,Client 92,161,2026-02-28,USD,8702.61,0.886513509864795,7714.98
16,Client 16,665,2026-03-01,USD,9230.06,0.886513509864795,8182.57
39,Client 39,359,2026-03-01,USD,9059.68,0.886513509864795,8031.53
5,Client 5,152,2026-03-03,USD,1258.74,0.888720056804723,1118.67
7,Client 7,674,2026-03-03,USD,1184.96,0.888720056804723,1053.1
23,Client 23,123,2026-03-03,USD,2375.73,0.888720056804723,2111.36
67,Client 67,175,2026-03-03,USD,8597.45,0.888720056804723,7640.73
79,Client 79,643,2026-03-03,USD,4076.33,0.888720056804723,3622.72
18,Client 18,712,2026-03-04,USD,1960.93,0.857050575255201,1680.62
83,Client 83,454,2026-03-04,USD,253.64,0.857050575255201,217.38
25,Client 25,693,2026-03-05,USD,5044.14,0.856998071584066,4322.82
28,Client 28,581,2026-03-06,USD,3754.19,0.868715878534603,3261.32
33,Client 33,779,2026-03-06,USD,8993.37,0.868715878534603,7812.68
6,Client 6,44,2026-03-07,USD,1835.62,0.868715878534603,1594.63
37,Client 37,309,2026-03-08,USD,4594.67,0.868715878534603,3991.46
42,Client 42,672,2026-03-08,USD,931.95,0.868715878534603,809.6
46,Client 46,302,2026-03-08,USD,897.12,0.868715878534603,779.34
59,Client 59,110,2026-03-08,USD,543.45,0.868715878534603,472.1
8,Client 8,69,2026-03-09,USD,8099.67,0.893479969284503,7236.89
43,Client 43,122,2026-03-12,USD,1677.83,0.863848663222287,1449.39
25,Client 25,732,2026-03-14,USD,1992.56,0.863848663222287,1721.27
89,Client 89,253,2026-03-14,USD,9492.85,0.863848663222287,8200.39
8,Client 8,113,2026-03-15,USD,9882.94,0.863848663222287,8537.36
3,Client 3,973,2026-03-16,USD,2077.5,0.865135672339476,1797.32
3,Client 3,589,2026-03-17,USD,2821.99,0.86535470251355,2442.02
12,Client 12,534,2026-03-17,USD,219.47,0.86535470251355,189.92
68,Client 68,876,2026-03-17,USD,1691.79,0.86535470251355,1464.0
23,Client 23,287,2026-03-18,USD,2975.09,0.879520110938467,2616.65
34,Client 34,183,2026-03-18,USD,2051.09,0.879520110938467,1803.97
24,Client 24,476,2026-03-19,USD,45.82,0.875813141340357,40.13
17,Client 17,586,2026-03-20,USD,1045.14,0.875517370104651,915.04
8,Client 8,215,2026-03-21,USD,3682.8,0.875517370104651,3224.36
26,Client 26,247,2026-03-21,USD,4696.03,0.875517370104651,4111.46
10,Client 10,802,2026-03-22,USD,275.96,0.875517370104651,241.61
11,Client 11,865,2026-03-23,USD,7248.44,0.857794298957181,6217.67
14,Client 14,353,2026-03-23,USD,5007.11,0.857794298957181,4295.07
18,Client 18,148,2026-03-23,USD,859.37,0.857794298957181,737.16
29,Client 29,885,2026-03-23,USD,7632.67,0.857794298957181,6547.26
53,Client 53,604,2026-03-23,USD,837.44,0.857794298957181,718.35
83,Client 83,698,2026-03-24,USD,624.58,0.885528597758393,553.08
43,Client 43,315,2026-03-25,USD,5060.21,0.872616230559725,4415.62
44,Client 44,616,2026-03-25,USD,541.83,0.872616230559725,472.81
43,Client 43,106,2026-03-26,USD,654.74,0.864768119064129,566.2
55,Client 55,744,2026-03-26,USD,1748.71,0.864768119064129,1512.23
38,Client 38,964,2026-03-28,USD,867.66,0.864768119064129,750.32
47,Client 47,591,2026-03-28,USD,5735.74,0.864768119064129,4960.09
61,Client 61,760,2026-03-28,USD,834.89,0.864768119064129,721.99
85,Client 85,661,2026-03-28,USD,3766.82,0.864768119064129,3257.43
15,Client 15,210,2026-03-29,USD,1968.86,0.864768119064129,1702.61
18,Client 18,461,2026-03-29,USD,8625.99,0.864768119064129,7459.48
51,Client 51,168,2026-03-30,USD,1164.37,0.8891231763984,1035.27
8,Client 8,578,2026-03-31,USD,597.63,0.865532264882101,517.27
28,Client 28,626,2026-03-31,USD,1980.52,0.865532264882101,1714.2
15,Client 15,121,2026-04-01,USD,6804.13,0.877706783295231,5972.03
24,Client 24,92,2026-04-02,USD,377.08,0.869911829537542,328.03
83,Client 83,785,2026-04-02,USD,9853.66,0.869911829537542,8571.82
16,Client 16,663,2026-04-03,USD,7753.28,0.866909074908031,6721.39
39,Client 39,95,2026-04-03,USD,6518.73,0.866909074908031,5651.15
92,Client 92,659,2026-04-03,USD,4868.63,0.866909074908031,4220.66
17,Client 17,484,2026-04-04,USD,138.34,0.866909074908031,119.93
7,Client 7,19,2026-04-05,USD,7581.34,0.866909074908031,6572.33
14,Client 14,797,2026-04-05,USD,7233.06,0.866909074908031,6270.41
28,Client 28,114,2026-04-06,USD,54.71,0.883578807881,48.34
39,Client 39,297,2026-04-07,USD,3223.87,0.875591092026145,2822.79
20,Client 20,176,2026-04-08,USD,1730.34,0.865226182694247,1497.14
22,Client 22,279,2026-04-08,USD,3968.56,0.865226182694247,3433.7
76,Client 76,625,2026-04-08,USD,7979.56,0.865226182694247,6904.12
11,Client 11,642,2026-04-09,USD,819.28,0.849629240650279,696.08
16,Client 16,388,2026-04-09,USD,1602.14,0.849629240650279,1361.22
67,Client 67,165,2026-04-09,USD,6200.25,0.849629240650279,5267.91
58,Client 58,548,2026-04-10,USD,1987.76,0.869954371710097,1729.26
68,Client 68,798,2026-04-11,USD,1518.95,0.869954371710097,1321.42
79,Client 79,869,2026-04-11,USD,7889.92,0.869954371710097,6863.87
8,Client 8,396,2026-04-12,USD,1394.28,0.869954371710097,1212.96
17,Client 17,459,2026-04-12,USD,7681.94,0.869954371710097,6682.94
22,Client 22,557,2026-04-12,USD,6501.69,0.869954371710097,5656.17
41,Client 41,745,2026-04-12,USD,5540.36,0.869954371710097,4819.86
81,Client 81,75,2026-04-14,USD,5206.81,0.870888730061317,4534.55
20,Client 20,36,2026-04-15,USD,182.97,0.866567987633688,158.56
35,Client 35,769,2026-04-17,USD,5326.2,0.892757612975672,4755.01
35,Client 35,203,2026-04-18,USD,9745.55,0.892757612975672,8700.41
65,Client 65,252,2026-04-18,USD,78.03,0.892757612975672,69.66
12,Client 12,873,2026-04-19,USD,9225.53,0.892757612975672,8236.16
19,Client 19,909,2026-04-19,USD,6012.14,0.892757612975672,5367.38
38,Client 38,433,2026-04-20,USD,5877.57,0.888599670064869,5222.81
27,Client 27,258,2026-04-21,USD,691.88,0.868890680643705,601.17
39,Client 39,720,2026-04-21,USD,1286.85,0.868890680643705,1118.13
13,Client 13,275,2026-04-23,USD,2117.34,0.88032600404018,1863.95
32,Client 32,97,2026-04-23,USD,6477.12,0.88032600404018,5701.98
47,Client 47,545,2026-04-23,USD,7419.1,0.88032600404018,6531.23
7,Client 7,990,2026-04-25,USD,488.66,0.88032600404018,430.18
13,Client 13,162,2026-04-25,USD,469.03,0.88032600404018,412.9
65,Client 65,702,2026-04-25,USD,151.07,0.88032600404018,132.99
3,Client 3,673,2026-04-26,USD,2300.57,0.88032600404018,2025.25
7,Client 7,344,2026-04-26,USD,1311.61,0.88032600404018,1154.64
39,Client 39,997,2026-04-26,USD,6950.18,0.88032600404018,6118.42
52,Client 52,439,2026-04-26,USD,3639.05,0.88032600404018,3203.55
2,Client 2,471,2026-04-27,USD,8073.99,0.877419630165295,7084.28
51,Client 51,269,2026-04-27,USD,7907.59,0.877419630165295,6938.27
70,Client 70,681,2026-04-28,USD,3763.91,0.868677005560575,3269.62
7,Client 7,978,2026-04-29,USD,110.64,0.872954775244232,96.58
18,Client 18,703,2026-04-29,USD,8662.64,0.872954775244232,7562.09
48,Client 48,480,2026-04-29,USD,1273.83,0.872954775244232,1112.0
35,Client 35,147,2026-04-30,USD,8325.79,0.869135864931684,7236.24
