Tx_id,Customer_id,Transaction_date,Currency,Amount
1,28,2026-04-09,EUR,2109.38
2,4,2026-04-02,GBP,1999.44
3,95,2026-02-22,USD,7808.97
4,51,2026-03-24,EUR,906.58
5,7,2026-02-20,EUR,3657.82
6,66,2026-04-14,GBP,722.74
7,6,2026-01-26,USD,5809.69
8,60,2026-02-19,JPY,177327.14
9,34,2026-04-04,GBP,6719.65
10,29,2026-01-23,GBP,1244.42
11,46,2026-02-20,JPY,1110097.55
12,87,2026-02-19,USD,790.57
13,26,2026-03-04,GBP,6379.57
14,27,2026-03-20,EUR,1247.95
15,64,2026-01-05,GBP,5674.77
16,61,2026-01-17,EUR,923.68
17,87,2026-02-22,EUR,3673.05
18,36,2026-03-16,EUR,266.47
19,7,2026-04-05,USD,7581.34
20,10,2026-01-04,EUR,1794.61
21,28,2026-04-03,JPY,1090477.31
22,12,2026-01-21,EUR,564.39
23,10,2026-01-21,USD,6275.39
24,20,2026-02-15,EUR,1011.8
25,45,2026-03-14,EUR,5849.16
26,45,2026-02-25,JPY,294805.77
27,4,2026-01-26,JPY,428181.77
28,37,2026-02-21,EUR,747.24
29,29,2026-03-31,GBP,6250.13
30,48,2026-01-26,EUR,512.35
31,47,2026-04-21,GBP,7996.93
32,2,2026-01-18,USD,1069.91
33,14,2026-03-30,GBP,3458.27
34,35,2026-01-17,EUR,661.72
35,7,2026-01-17,EUR,5791.76
36,20,2026-04-15,USD,182.97
37,33,2026-02-03,USD,6692.28
38,35,2026-02-11,EUR,732.53
39,41,2026-04-08,EUR,5985.98
40,19,2026-02-02,EUR,458.41
41,21,2026-04-22,EUR,3492.54
42,16,2026-04-05,EUR,1686.2
43,3,2026-01-31,USD,9859.03
44,6,2026-03-07,USD,1835.62
45,1,2026-04-28,EUR,3367.1
46,43,2026-02-26,GBP,1074.72
47,28,2026-02-14,GBP,3496.35
48,18,2026-01-19,EUR,1475.13
49,32,2026-01-01,GBP,4309.04
50,36,2026-01-11,JPY,103692.47
51,37,2026-01-06,EUR,3075.32
52,4,2026-02-13,EUR,1372.3
53,5,2026-03-04,GBP,8081.82
54,37,2026-01-24,GBP,1590.64
55,6,2026-03-10,GBP,9720.22
56,7,2026-04-30,JPY,66872.58
57,22,2026-01-01,GBP,6595.78
58,61,2026-03-13,GBP,1503.5
59,56,2026-02-04,EUR,8516.6
60,43,2026-01-26,JPY,102276.99
61,37,2026-01-18,GBP,5513.08
62,22,2026-02-20,GBP,1084.16
63,26,2026-04-07,EUR,9196.6
64,22,2026-03-19,EUR,465.76
65,33,2026-03-11,JPY,1123466.31
66,19,2026-03-05,EUR,1758.47
67,30,2026-04-04,JPY,1329404.43
68,8,2026-04-07,GBP,1559.36
69,8,2026-03-09,USD,8099.67
70,66,2026-04-07,EUR,1077.6
71,22,2026-04-19,EUR,5178.3
72,56,2026-01-05,USD,823.82
73,53,2026-01-27,GBP,7551.59
74,33,2026-02-12,USD,1655.33
75,81,2026-04-14,USD,5206.81
76,27,2026-02-15,GBP,1824.59
77,8,2026-03-23,GBP,2144.88
78,65,2026-03-17,EUR,1838.31
79,55,2026-02-06,GBP,3220.31
80,36,2026-01-09,USD,1475.52
81,75,2026-03-27,JPY,477197.8
82,13,2026-03-31,GBP,258.08
83,73,2026-03-04,EUR,3819.16
84,38,2026-02-16,EUR,677.04
85,56,2026-04-27,GBP,2914.14
86,24,2026-03-31,JPY,111876.56
87,20,2026-02-03,JPY,1071447.33
88,2,2026-02-20,EUR,1159.49
89,9,2026-04-27,JPY,783864.19
90,36,2026-01-22,EUR,433.23
91,31,2026-03-22,JPY,510288.29
92,24,2026-04-02,USD,377.08
93,17,2026-04-06,EUR,7999.68
94,12,2026-03-24,EUR,941.78
95,39,2026-04-03,USD,6518.73
96,4,2026-03-19,GBP,1060.02
97,32,2026-04-23,USD,6477.12
98,9,2026-01-01,EUR,160.25
99,51,2026-01-10,EUR,7152.0
100,24,2026-03-28,JPY,268988.77
101,64,2026-01-08,EUR,3775.78
102,13,2026-02-28,USD,1194.15
103,19,2026-04-11,EUR,7221.97
104,13,2026-02-03,GBP,1977.57
105,38,2026-02-15,GBP,5177.47
106,43,2026-03-26,USD,654.74
107,5,2026-03-15,EUR,3663.09
108,2,2026-01-19,USD,848.63
109,68,2026-02-16,GBP,4686.93
110,59,2026-03-08,USD,543.45
111,39,2026-02-07,GBP,4902.06
112,64,2026-04-09,JPY,244732.08
113,8,2026-03-15,USD,9882.94
114,28,2026-04-06,USD,54.71
115,15,2026-02-09,GBP,5220.4
116,12,2026-01-22,GBP,1968.96
117,32,2026-04-19,GBP,7465.47
118,59,2026-03-26,GBP,1001.2
119,4,2026-02-06,GBP,8637.93
120,11,2026-04-16,EUR,534.73
121,15,2026-04-01,USD,6804.13
122,43,2026-03-12,USD,1677.83
123,23,2026-03-03,USD,2375.73
124,9,2026-04-17,EUR,189.77
125,53,2026-01-29,EUR,4309.55
126,20,2026-04-23,GBP,1224.71
127,78,2026-02-24,GBP,9494.64
128,49,2026-02-02,EUR,1084.29
129,9,2026-04-26,EUR,5970.93
130,37,2026-04-08,GBP,953.73
131,20,2026-02-09,GBP,5963.93
132,45,2026-02-11,USD,161.11
133,4,2026-04-18,GBP,4177.16
134,37,2026-01-19,EUR,1616.79
135,81,2026-01-17,JPY,890887.39
136,10,2026-03-03,JPY,243072.14
137,41,2026-03-22,GBP,7538.21
138,62,2026-01-25,JPY,207498.11
139,45,2026-04-15,JPY,370466.32
140,46,2026-03-12,JPY,178568.82
141,28,2026-01-07,EUR,7579.36
142,17,2026-02-17,EUR,849.31
143,56,2026-04-05,JPY,1401023.23
144,18,2026-04-16,GBP,1303.83
145,21,2026-04-18,EUR,2615.63
146,46,2026-02-09,USD,814.93
147,35,2026-04-30,USD,8325.79
148,18,2026-03-23,USD,859.37
149,66,2026-03-07,EUR,8960.79
150,2,2026-04-29,EUR,774.09
151,75,2026-02-08,EUR,2421.47
152,5,2026-03-03,USD,1258.74
153,65,2026-04-21,EUR,2733.59
154,19,2026-03-25,GBP,485.17
155,6,2026-01-14,EUR,8822.57
156,47,2026-02-06,EUR,45.57
157,90,2026-03-14,EUR,5133.04
158,7,2026-02-28,JPY,251972.25
159,5,2026-03-11,JPY,1451774.69
160,38,2026-03-03,GBP,342.4
161,92,2026-02-28,USD,8702.61
162,13,2026-04-25,USD,469.03
163,10,2026-03-31,EUR,9658.16
164,59,2026-01-05,EUR,1938.51
165,67,2026-04-09,USD,6200.25
166,15,2026-02-04,GBP,1395.08
167,9,2026-02-01,USD,6983.5
168,51,2026-03-30,USD,1164.37
169,5,2026-04-15,EUR,4183.67
170,28,2026-03-08,JPY,276101.43
171,57,2026-02-09,JPY,1261072.2
172,16,2026-03-20,EUR,1394.47
173,3,2026-01-18,EUR,3761.47
174,44,2026-03-10,JPY,21187.02
175,67,2026-03-03,USD,8597.45
176,20,2026-04-08,USD,1730.34
177,49,2026-03-29,GBP,7267.61
178,62,2026-02-28,EUR,674.68
179,13,2026-02-22,GBP,6948.89
180,51,2026-01-07,JPY,307682.79
181,28,2026-01-31,GBP,3030.96
182,19,2026-01-30,JPY,1956.64
183,34,2026-03-18,USD,2051.09
184,16,2026-02-15,EUR,1124.09
185,7,2026-04-08,GBP,6319.88
186,54,2026-03-11,EUR,46.67
187,25,2026-04-08,EUR,7060.98
188,75,2026-04-03,GBP,355.77
189,53,2026-03-09,EUR,7665.38
190,4,2026-01-10,USD,125.26
191,4,2026-03-23,JPY,1566065.88
192,83,2026-02-05,GBP,1192.85
193,22,2026-01-29,EUR,4588.88
194,29,2026-02-20,EUR,12.05
195,9,2026-04-08,JPY,865512.07
196,27,2026-02-08,USD,1653.58
197,17,2026-02-01,EUR,7443.99
198,42,2026-01-27,JPY,308294.55
199,2,2026-04-03,JPY,857250.97
200,41,2026-01-06,GBP,890.17
201,18,2026-02-27,JPY,614341.9
202,12,2026-03-05,JPY,229231.81
203,35,2026-04-18,USD,9745.55
204,10,2026-01-17,EUR,315.78
205,27,2026-02-19,GBP,7009.76
206,7,2026-02-22,JPY,309655.59
207,10,2026-01-15,USD,2938.47
208,7,2026-04-18,EUR,1121.24
209,13,2026-03-01,EUR,6655.77
210,15,2026-03-29,USD,1968.86
211,8,2026-01-21,EUR,5139.95
212,29,2026-04-05,GBP,1317.4
213,51,2026-04-12,JPY,1247085.19
214,51,2026-02-10,EUR,1973.46
215,8,2026-03-21,USD,3682.8
216,20,2026-02-09,EUR,659.66
217,31,2026-02-02,JPY,425610.92
218,59,2026-01-26,EUR,274.1
219,35,2026-02-15,GBP,8571.53
220,3,2026-02-13,EUR,1276.5
221,47,2026-01-06,USD,6932.84
222,38,2026-02-10,GBP,1743.23
223,47,2026-03-03,GBP,6898.06
224,29,2026-03-16,JPY,175953.41
225,58,2026-01-26,USD,2326.03
226,9,2026-01-14,EUR,130.1
227,14,2026-01-13,USD,6925.94
228,19,2026-04-20,EUR,372.41
229,55,2026-02-24,EUR,3293.38
230,2,2026-03-24,EUR,1992.7
231,85,2026-01-03,EUR,5226.09
232,12,2026-02-23,EUR,522.79
233,27,2026-04-04,JPY,852361.43
234,62,2026-02-06,EUR,748.37
235,90,2026-01-24,USD,6111.97
236,36,2026-04-27,EUR,1216.32
237,37,2026-02-05,USD,4214.62
238,37,2026-04-28,EUR,773.86
239,28,2026-01-21,GBP,3052.54
240,47,2026-04-22,GBP,1268.76
241,21,2026-01-02,EUR,8835.08
242,29,2026-03-03,EUR,815.99
243,37,2026-04-13,EUR,6743.61
244,9,2026-03-30,JPY,83789.68
245,42,2026-03-06,GBP,3046.99
246,84,2026-02-16,EUR,1768.58
247,26,2026-03-21,USD,4696.03
248,59,2026-01-01,USD,1179.89
249,78,2026-02-26,EUR,3340.95
250,2,2026-02-06,EUR,1071.69
251,54,2026-04-30,GBP,6682.83
252,65,2026-04-18,USD,78.03
253,89,2026-03-14,USD,9492.85
254,2,2026-04-29,EUR,368.22
255,5,2026-02-02,USD,2332.58
256,8,2026-02-22,USD,1375.08
257,1,2026-03-30,GBP,8943.35
258,27,2026-04-21,USD,691.88
259,32,2026-01-23,EUR,4463.44
260,46,2026-04-16,GBP,333.14
261,10,2026-04-29,GBP,5550.0
262,65,2026-03-27,EUR,1326.65
263,86,2026-02-12,GBP,5977.4
264,39,2026-01-08,JPY,246296.57
265,6,2026-03-30,GBP,7412.11
266,12,2026-03-21,GBP,1337.27
267,36,2026-03-03,GBP,9995.31
268,3,2026-03-14,JPY,317878.48
269,51,2026-04-27,USD,7907.59
270,66,2026-04-12,EUR,1338.51
271,57,2026-03-23,JPY,726010.52
272,65,2026-01-01,EUR,1093.53
273,1,2026-01-15,GBP,6878.65
274,35,2026-01-19,EUR,902.9
275,13,2026-04-23,USD,2117.34
276,36,2026-03-13,GBP,1242.79
277,27,2026-01-03,USD,9611.83
278,62,2026-01-28,EUR,689.08
279,22,2026-04-08,USD,3968.56
280,28,2026-02-12,GBP,1627.84
281,48,2026-02-12,EUR,3566.22
282,1,2026-02-16,EUR,1909.77
283,42,2026-02-20,EUR,9475.49
284,20,2026-02-03,EUR,1238.53
285,32,2026-04-20,EUR,8424.21
286,33,2026-01-16,EUR,1438.1
287,23,2026-03-18,USD,2975.09
288,10,2026-04-05,JPY,256250.3
289,10,2026-03-04,EUR,6538.5
290,14,2026-02-05,USD,183.21
291,58,2026-02-13,EUR,7065.21
292,79,2026-04-29,GBP,1035.2
293,37,2026-01-26,EUR,6887.85
294,24,2026-02-11,JPY,114129.37
295,13,2026-02-06,EUR,7855.66
296,62,2026-02-08,GBP,200.12
297,39,2026-04-07,USD,3223.87
298,13,2026-04-18,JPY,70609.95
299,5,2026-02-17,EUR,3841.97
300,11,2026-01-11,EUR,787.9
301,37,2026-01-25,JPY,494642.88
302,46,2026-03-08,USD,897.12
303,48,2026-03-16,JPY,484344.69
304,6,2026-03-31,EUR,1811.99
305,53,2026-02-05,EUR,9153.53
306,11,2026-01-08,EUR,693.69
307,39,2026-01-13,USD,2540.9
308,56,2026-01-27,GBP,549.58
309,37,2026-03-08,USD,4594.67
310,19,2026-03-11,EUR,763.17
311,21,2026-02-04,GBP,5721.64
312,4,2026-02-13,EUR,1923.71
313,40,2026-02-16,EUR,6286.62
314,5,2026-02-24,GBP,701.67
315,43,2026-03-25,USD,5060.21
316,7,2026-04-25,EUR,1985.04
317,74,2026-04-18,EUR,7372.47
318,5,2026-01-22,EUR,1512.99
319,7,2026-01-16,USD,3274.43
320,4,2026-02-05,EUR,533.59
321,21,2026-03-26,EUR,3912.44
322,31,2026-03-08,EUR,899.93
323,37,2026-02-24,EUR,8290.21
324,35,2026-03-01,JPY,67989.75
325,75,2026-02-11,USD,7023.6
326,44,2026-04-16,JPY,258206.65
327,55,2026-02-21,GBP,4580.22
328,2,2026-04-01,GBP,698.74
329,85,2026-01-10,GBP,3060.2
330,64,2026-02-05,GBP,287.0
331,69,2026-04-20,EUR,6020.53
332,23,2026-01-25,GBP,252.31
333,28,2026-03-09,EUR,9704.92
334,34,2026-02-01,EUR,1192.64
335,76,2026-01-20,USD,2845.32
336,41,2026-04-03,EUR,1209.08
337,21,2026-01-31,EUR,8246.09
338,27,2026-01-02,USD,1510.96
339,39,2026-03-20,JPY,626150.53
340,8,2026-03-14,GBP,538.12
341,10,2026-01-16,EUR,6075.38
342,95,2026-01-17,EUR,449.4
343,10,2026-02-05,USD,5408.67
344,7,2026-04-26,USD,1311.61
345,20,2026-01-27,USD,8620.3
346,49,2026-03-27,JPY,80747.95
347,7,2026-01-21,EUR,4078.51
348,52,2026-02-27,EUR,1241.71
349,18,2026-03-31,EUR,9806.99
350,56,2026-02-14,EUR,749.1
351,15,2026-01-11,USD,8754.86
352,6,2026-01-26,EUR,1730.67
353,14,2026-03-23,USD,5007.11
354,23,2026-02-07,EUR,1912.88
355,7,2026-03-05,GBP,4523.26
356,45,2026-03-01,EUR,565.94
357,74,2026-03-01,GBP,8601.06
358,30,2026-01-08,JPY,204315.63
359,39,2026-03-01,USD,9059.68
360,6,2026-02-13,USD,1363.65
361,3,2026-03-28,GBP,2576.67
362,4,2026-01-24,EUR,1022.07
363,22,2026-01-31,EUR,4797.63
364,53,2026-01-07,GBP,716.13
365,24,2026-01-05,GBP,8114.98
366,15,2026-02-07,EUR,1034.17
367,69,2026-01-08,GBP,6997.31
368,22,2026-02-19,EUR,518.27
369,15,2026-04-15,GBP,6242.42
370,3,2026-04-24,EUR,259.21
371,28,2026-01-02,GBP,6659.38
372,51,2026-02-01,GBP,321.71
373,3,2026-01-17,JPY,607507.98
374,21,2026-02-28,USD,783.42
375,9,2026-04-26,EUR,2972.01
376,11,2026-02-15,EUR,1984.91
377,43,2026-04-04,JPY,1403538.35
378,72,2026-01-18,GBP,449.92
379,86,2026-02-15,GBP,8211.58
380,42,2026-03-16,EUR,1508.84
381,15,2026-04-02,EUR,3318.52
382,7,2026-03-20,EUR,1930.61
383,29,2026-01-23,GBP,7862.41
384,33,2026-03-02,GBP,1227.76
385,6,2026-01-23,GBP,8986.58
386,40,2026-04-11,EUR,928.5
387,1,2026-01-01,GBP,9051.61
388,16,2026-04-09,USD,1602.14
389,11,2026-01-10,GBP,8520.95
390,39,2026-03-07,EUR,1569.75
391,34,2026-03-27,GBP,8719.71
392,60,2026-03-19,EUR,1916.57
393,21,2026-03-16,GBP,8735.76
394,28,2026-03-24,JPY,118869.75
395,26,2026-01-20,GBP,3737.67
396,8,2026-04-12,USD,1394.28
397,1,2026-02-07,EUR,3450.55
398,22,2026-01-17,USD,967.14
399,41,2026-03-29,EUR,3803.51
400,46,2026-04-30,GBP,1356.17
401,57,2026-01-31,EUR,4576.86
402,40,2026-03-24,EUR,675.13
403,54,2026-04-12,EUR,8601.05
404,31,2026-02-14,EUR,663.1
405,25,2026-01-18,EUR,2500.34
406,56,2026-02-16,JPY,298703.28
407,41,2026-01-17,GBP,5969.33
408,10,2026-01-15,USD,1681.21
409,22,2026-01-09,JPY,579758.55
410,35,2026-01-10,EUR,62.13
411,2,2026-04-28,EUR,6144.63
412,17,2026-04-27,EUR,1706.93
413,13,2026-03-10,GBP,3488.81
414,56,2026-03-15,JPY,226396.45
415,40,2026-04-13,JPY,1484019.45
416,54,2026-04-10,GBP,326.23
417,38,2026-03-01,EUR,9380.98
418,28,2026-03-26,EUR,123.54
419,16,2026-04-02,EUR,4204.9
420,55,2026-01-10,EUR,1521.2
421,26,2026-03-18,EUR,3251.05
422,62,2026-04-17,EUR,1813.81
423,8,2026-03-09,EUR,8174.86
424,5,2026-01-15,EUR,1330.94
425,82,2026-01-15,JPY,823613.24
426,59,2026-04-30,EUR,1464.33
427,87,2026-03-23,EUR,7801.25
428,11,2026-02-18,USD,1944.29
429,38,2026-03-02,EUR,3209.97
430,13,2026-04-16,EUR,1370.67
431,33,2026-01-24,EUR,8881.12
432,48,2026-02-10,GBP,1102.19
433,38,2026-04-20,USD,5877.57
434,9,2026-01-02,GBP,440.02
435,6,2026-01-16,USD,7207.79
436,33,2026-03-29,GBP,232.75
437,20,2026-04-09,EUR,8290.23
438,11,2026-01-07,JPY,175079.53
439,52,2026-04-26,USD,3639.05
440,66,2026-03-27,EUR,518.43
441,78,2026-02-09,JPY,1308175.97
442,2,2026-01-25,EUR,693.89
443,16,2026-02-11,USD,2843.79
444,42,2026-03-30,EUR,195.88
445,26,2026-01-11,EUR,6186.64
446,16,2026-04-02,GBP,560.12
447,18,2026-01-09,EUR,9320.72
448,32,2026-02-11,USD,1120.06
449,9,2026-03-21,JPY,1479863.37
450,16,2026-02-09,USD,1200.24
451,2,2026-01-08,JPY,1157494.47
452,8,2026-01-04,GBP,1935.83
453,63,2026-01-09,GBP,6041.65
454,83,2026-03-04,USD,253.64
455,48,2026-02-03,EUR,9055.42
456,25,2026-04-29,EUR,1376.85
457,5,2026-03-09,GBP,9122.06
458,5,2026-01-05,JPY,108850.02
459,17,2026-04-12,USD,7681.94
460,18,2026-01-11,JPY,209091.07
461,18,2026-03-29,USD,8625.99
462,19,2026-03-31,EUR,234.76
463,5,2026-02-02,EUR,3135.78
464,20,2026-02-16,EUR,1231.42
465,25,2026-01-22,GBP,8449.57
466,61,2026-04-01,GBP,261.27
467,44,2026-03-07,EUR,2030.54
468,44,2026-03-11,JPY,73933.97
469,60,2026-03-28,EUR,4723.04
470,64,2026-02-16,EUR,433.16
471,2,2026-04-27,USD,8073.99
472,70,2026-01-17,GBP,1579.01
473,43,2026-03-23,GBP,8993.81
474,1,2026-02-28,EUR,899.64
475,27,2026-04-10,EUR,3030.79
476,24,2026-03-19,USD,45.82
477,25,2026-01-14,JPY,678447.78
478,63,2026-03-24,JPY,264610.83
479,46,2026-01-28,EUR,9702.48
480,48,2026-04-29,USD,1273.83
481,26,2026-04-30,GBP,6325.59
482,5,2026-01-30,EUR,1138.67
483,16,2026-01-14,USD,4377.9
484,17,2026-04-04,USD,138.34
485,66,2026-01-02,GBP,6745.77
486,68,2026-02-24,USD,1677.92
487,16,2026-01-12,USD,9963.5
488,63,2026-01-21,EUR,1664.43
489,37,2026-02-02,GBP,6201.92
490,2,2026-02-04,GBP,1759.17
491,35,2026-02-14,GBP,2657.66
492,71,2026-02-15,GBP,1207.83
493,68,2026-04-03,EUR,9584.87
494,26,2026-01-29,GBP,1356.09
495,7,2026-01-04,EUR,5901.34
496,42,2026-03-07,EUR,951.07
497,88,2026-03-13,GBP,2567.46
498,14,2026-01-17,EUR,1212.1
499,70,2026-03-24,EUR,9772.26
500,19,2026-04-23,GBP,944.79
501,26,2026-03-25,EUR,6132.58
502,1,2026-02-15,EUR,1668.3
503,61,2026-04-07,EUR,8420.69
504,35,2026-03-03,EUR,98.33
505,16,2026-03-29,EUR,6936.53
506,6,2026-02-20,JPY,184609.81
507,2,2026-03-05,GBP,9942.53
508,7,2026-02-15,EUR,785.85
509,49,2026-03-13,JPY,1233961.78
510,38,2026-04-22,EUR,1439.67
511,79,2026-03-10,EUR,7091.21
512,3,2026-04-19,GBP,90.71
513,65,2026-01-18,EUR,5070.71
514,27,2026-03-23,EUR,1196.68
515,34,2026-04-23,EUR,2641.44
516,20,2026-02-08,USD,1295.73
517,41,2026-02-20,USD,2081.05
518,40,2026-04-28,EUR,317.1
519,10,2026-03-11,EUR,9219.63
520,4,2026-01-16,JPY,262692.02
521,45,2026-01-12,EUR,5888.0
522,36,2026-03-31,JPY,258874.41
523,12,2026-01-25,GBP,7218.33
524,62,2026-02-23,JPY,130201.08
525,4,2026-03-14,EUR,8311.88
526,26,2026-04-08,EUR,905.75
527,36,2026-02-10,USD,4550.93
528,36,2026-02-26,EUR,792.02
529,32,2026-02-03,EUR,5444.23
530,8,2026-02-25,GBP,1893.82
531,19,2026-03-15,GBP,7095.22
532,19,2026-04-05,GBP,1196.02
533,6,2026-03-05,GBP,4916.75
534,12,2026-03-17,USD,219.47
535,9,2026-02-19,USD,2220.29
536,30,2026-03-16,EUR,207.61
537,12,2026-04-17,EUR,3280.2
538,2,2026-02-28,EUR,980.82
539,7,2026-02-06,JPY,721877.4
540,67,2026-03-09,JPY,175249.35
541,5,2026-02-28,JPY,818536.83
542,22,2026-04-22,GBP,1960.42
543,28,2026-01-13,USD,8095.21
544,60,2026-02-20,EUR,1655.36
545,47,2026-04-23,USD,7419.1
546,13,2026-01-11,USD,701.08
547,36,2026-01-24,JPY,512667.51
548,58,2026-04-10,USD,1987.76
549,66,2026-04-14,EUR,8340.17
550,27,2026-04-13,EUR,88.52
551,28,2026-02-05,JPY,489436.65
552,37,2026-04-08,GBP,1071.44
553,65,2026-01-21,GBP,6394.58
554,3,2026-02-25,EUR,1755.41
555,77,2026-01-17,JPY,976515.09
556,5,2026-02-21,JPY,189052.12
557,22,2026-04-12,USD,6501.69
558,26,2026-01-27,USD,989.73
559,36,2026-02-20,JPY,903653.47
560,26,2026-02-16,GBP,1151.32
561,80,2026-02-17,JPY,396123.61
562,1,2026-03-22,GBP,1787.25
563,4,2026-02-07,EUR,2246.32
564,84,2026-03-02,JPY,7686.56
565,28,2026-04-03,EUR,8976.39
566,32,2026-03-05,EUR,723.84
567,57,2026-01-24,GBP,6228.62
568,55,2026-02-04,JPY,217099.9
569,59,2026-03-12,EUR,2353.3
570,19,2026-02-06,GBP,294.27
571,51,2026-01-05,GBP,8473.47
572,67,2026-02-04,GBP,186.32
573,29,2026-02-15,EUR,7499.25
574,2,2026-03-16,EUR,230.89
575,57,2026-02-14,GBP,2048.71
576,6,2026-04-12,EUR,162.96
577,30,2026-04-16,EUR,5826.08
578,8,2026-03-31,USD,597.63
579,13,2026-02-08,USD,4340.12
580,8,2026-02-24,JPY,103964.23
581,28,2026-03-06,USD,3754.19
582,2,2026-01-19,EUR,1299.16
583,7,2026-03-22,GBP,8935.47
584,27,2026-04-10,GBP,152.83
585,44,2026-01-14,USD,3877.23
586,17,2026-03-20,USD,1045.14
587,8,2026-03-28,GBP,5211.57
588,9,2026-02-03,EUR,1262.82
589,3,2026-03-17,USD,2821.99
590,10,2026-04-03,EUR,559.58
591,47,2026-03-28,USD,5735.74
592,19,2026-02-13,GBP,639.38
593,6,2026-03-06,EUR,6519.87
594,64,2026-03-09,GBP,1784.83
595,25,2026-02-18,EUR,9490.57
596,44,2026-01-17,GBP,992.69
597,22,2026-04-01,GBP,7406.78
598,8,2026-03-26,GBP,1336.11
599,82,2026-04-18,EUR,7408.87
600,77,2026-03-14,EUR,1565.83
601,41,2026-02-11,EUR,5988.57
602,22,2026-02-10,USD,230.85
603,40,2026-04-09,EUR,2418.84
604,53,2026-03-23,USD,837.44
605,48,2026-01-09,GBP,5778.25
606,66,2026-04-07,GBP,1510.51
607,2,2026-01-09,EUR,7213.12
608,50,2026-01-28,JPY,18220.04
609,44,2026-02-23,EUR,9121.72
610,16,2026-04-09,GBP,1648.39
611,54,2026-02-22,EUR,8683.84
612,1,2026-02-06,JPY,268503.69
613,47,2026-01-14,USD,5942.92
614,23,2026-01-17,JPY,86509.38
615,48,2026-01-25,JPY,984361.32
616,44,2026-03-25,USD,541.83
617,12,2026-04-02,JPY,480704.27
618,1,2026-02-28,EUR,741.79
619,10,2026-01-07,EUR,4346.47
620,53,2026-02-27,EUR,1287.3
621,35,2026-03-21,EUR,7171.67
622,85,2026-04-21,GBP,1098.46
623,60,2026-03-28,GBP,5663.97
624,23,2026-01-04,JPY,227707.12
625,76,2026-04-08,USD,7979.56
626,28,2026-03-31,USD,1980.52
627,13,2026-02-25,JPY,1016937.39
628,82,2026-01-28,GBP,417.91
629,48,2026-03-12,EUR,6979.31
630,54,2026-02-14,EUR,1963.49
631,32,2026-03-09,EUR,7393.04
632,15,2026-02-18,JPY,109009.1
633,48,2026-02-26,JPY,1225883.33
634,4,2026-04-23,JPY,159944.28
635,13,2026-04-30,EUR,9663.47
636,32,2026-01-15,EUR,1898.65
637,81,2026-01-06,EUR,8455.72
638,27,2026-03-15,EUR,922.61
639,34,2026-01-06,USD,3673.48
640,3,2026-02-02,EUR,1990.01
641,32,2026-04-05,EUR,9685.02
642,11,2026-04-09,USD,819.28
643,79,2026-03-03,USD,4076.33
644,26,2026-01-19,EUR,435.77
645,1,2026-01-06,EUR,8340.76
646,70,2026-04-08,GBP,796.46
647,79,2026-02-03,GBP,3293.37
648,28,2026-04-06,EUR,471.76
649,27,2026-03-22,EUR,6520.68
650,53,2026-03-27,GBP,1672.46
651,54,2026-04-02,JPY,612706.28
652,40,2026-03-29,GBP,364.0
653,31,2026-02-17,EUR,5429.62
654,2,2026-03-08,JPY,1740.98
655,69,2026-02-23,EUR,9356.25
656,93,2026-02-01,USD,968.28
657,40,2026-01-20,GBP,9347.41
658,79,2026-04-01,EUR,1247.86
659,92,2026-04-03,USD,4868.63
660,42,2026-04-24,JPY,280950.03
661,85,2026-03-28,USD,3766.82
662,2,2026-03-06,EUR,1734.87
663,16,2026-04-03,USD,7753.28
664,35,2026-01-21,USD,1519.96
665,16,2026-03-01,USD,9230.06
666,62,2026-01-05,USD,1562.93
667,28,2026-01-15,USD,3635.69
668,14,2026-04-22,EUR,1711.51
669,12,2026-04-01,EUR,9526.28
670,30,2026-03-08,EUR,1655.23
671,3,2026-02-05,GBP,8168.98
672,42,2026-03-08,USD,931.95
673,3,2026-04-26,USD,2300.57
674,7,2026-03-03,USD,1184.96
675,4,2026-03-11,EUR,9784.63
676,13,2026-02-07,EUR,880.59
677,67,2026-03-27,GBP,9734.76
678,12,2026-02-05,GBP,1698.37
679,25,2026-02-19,JPY,1367074.24
680,14,2026-02-20,EUR,748.17
681,70,2026-04-28,USD,3763.91
682,52,2026-02-23,USD,1325.42
683,5,2026-01-31,GBP,2165.37
684,15,2026-01-09,EUR,1260.58
685,29,2026-01-17,GBP,4372.48
686,47,2026-01-21,USD,1563.66
687,47,2026-02-20,EUR,9463.4
688,59,2026-04-14,EUR,205.49
689,56,2026-04-21,GBP,7831.85
690,64,2026-03-22,EUR,113.27
691,8,2026-03-11,EUR,9828.2
692,63,2026-03-04,GBP,1345.4
693,25,2026-03-05,USD,5044.14
694,9,2026-02-01,EUR,1814.08
695,1,2026-02-12,GBP,2091.34
696,46,2026-01-14,GBP,204.05
697,34,2026-01-29,GBP,6371.44
698,83,2026-03-24,USD,624.58
699,29,2026-04-14,EUR,8400.03
700,34,2026-03-17,EUR,1759.89
701,57,2026-04-05,EUR,4320.36
702,65,2026-04-25,USD,151.07
703,18,2026-04-29,USD,8662.64
704,70,2026-03-23,EUR,334.0
705,10,2026-01-12,EUR,4454.21
706,20,2026-01-17,JPY,138684.0
707,66,2026-03-10,EUR,8270.08
708,16,2026-04-22,EUR,1358.31
709,4,2026-04-04,EUR,9555.59
710,41,2026-02-23,GBP,241.22
711,54,2026-02-23,GBP,9922.89
712,18,2026-03-04,USD,1960.93
713,4,2026-01-29,JPY,451995.34
714,33,2026-01-28,USD,1478.39
715,46,2026-02-10,EUR,6157.63
716,4,2026-01-03,EUR,971.25
717,15,2026-01-24,GBP,9748.3
718,38,2026-02-08,EUR,1851.79
719,4,2026-02-10,EUR,6792.36
720,39,2026-04-21,USD,1286.85
721,46,2026-01-06,EUR,7408.21
722,47,2026-02-17,USD,1056.25
723,14,2026-01-02,JPY,1531819.17
724,6,2026-01-10,GBP,434.04
725,76,2026-01-21,EUR,6700.69
726,46,2026-01-25,EUR,1258.7
727,22,2026-01-07,EUR,5602.03
728,80,2026-02-05,GBP,1238.33
729,50,2026-01-06,JPY,450423.17
730,1,2026-02-23,EUR,1781.21
731,5,2026-01-25,USD,4069.69
732,25,2026-03-14,USD,1992.56
733,13,2026-02-12,GBP,3936.18
734,47,2026-02-09,GBP,1638.56
735,3,2026-02-21,EUR,3987.01
736,12,2026-03-10,EUR,1823.22
737,20,2026-02-19,GBP,6853.85
738,44,2026-03-23,EUR,672.74
739,67,2026-01-19,USD,4266.44
740,55,2026-01-03,GBP,1488.33
741,50,2026-04-20,EUR,8165.94
742,25,2026-01-06,GBP,673.88
743,64,2026-04-07,JPY,1173072.7
744,55,2026-03-26,USD,1748.71
745,41,2026-04-12,USD,5540.36
746,41,2026-02-06,GBP,844.59
747,30,2026-01-11,USD,3608.79
748,37,2026-01-07,EUR,987.28
749,74,2026-03-20,EUR,7703.68
750,1,2026-01-01,JPY,37222.79
751,31,2026-04-23,EUR,7313.76
752,66,2026-04-19,GBP,897.94
753,57,2026-01-01,EUR,3999.66
754,31,2026-01-23,EUR,1487.64
755,4,2026-03-29,GBP,4462.37
756,71,2026-04-06,GBP,1268.11
757,21,2026-02-27,JPY,1441688.87
758,6,2026-01-09,EUR,1659.45
759,20,2026-02-10,JPY,1186484.2
760,61,2026-03-28,USD,834.89
761,1,2026-03-14,EUR,7389.16
762,10,2026-02-15,EUR,983.86
763,25,2026-04-29,EUR,7749.92
764,49,2026-01-18,EUR,1087.33
765,20,2026-04-17,GBP,9053.3
766,7,2026-04-21,EUR,452.5
767,31,2026-01-28,EUR,3335.45
768,14,2026-01-19,EUR,1501.29
769,35,2026-04-17,USD,5326.2
770,25,2026-01-19,GBP,829.61
771,51,2026-01-29,USD,5295.66
772,65,2026-02-03,EUR,1890.78
773,46,2026-04-27,EUR,4697.65
774,8,2026-01-26,USD,237.43
775,52,2026-03-08,EUR,6062.44
776,24,2026-04-23,GBP,1716.04
777,44,2026-01-03,USD,7027.41
778,45,2026-01-16,EUR,1449.65
779,33,2026-03-06,USD,8993.37
780,11,2026-04-18,EUR,1585.2
781,27,2026-03-24,GBP,5236.55
782,29,2026-01-11,EUR,781.77
783,56,2026-02-20,EUR,3663.65
784,3,2026-01-06,EUR,1088.1
785,83,2026-04-02,USD,9853.66
786,26,2026-03-18,GBP,872.61
787,96,2026-04-16,EUR,3760.89
788,20,2026-03-05,GBP,1416.2
789,22,2026-03-01,GBP,7253.84
790,47,2026-04-01,EUR,1664.42
791,61,2026-01-09,EUR,8435.96
792,53,2026-03-20,EUR,1166.22
793,25,2026-02-27,GBP,8013.98
794,56,2026-02-27,GBP,39.11
795,12,2026-02-13,GBP,3359.05
796,11,2026-04-02,EUR,325.77
797,14,2026-04-05,USD,7233.06
798,68,2026-04-11,USD,1518.95
799,17,2026-03-02,GBP,4167.54
800,11,2026-02-28,EUR,1203.54
801,64,2026-04-04,JPY,969036.35
802,10,2026-03-22,USD,275.96
803,26,2026-01-23,GBP,8369.93
804,15,2026-02-07,USD,1277.16
805,51,2026-03-02,EUR,4156.09
806,11,2026-04-20,EUR,1194.65
807,15,2026-04-13,GBP,8573.18
808,27,2026-04-29,EUR,185.89
809,46,2026-03-17,EUR,3737.85
810,27,2026-01-22,EUR,1759.58
811,14,2026-01-05,GBP,8864.96
812,54,2026-03-30,JPY,284376.83
813,18,2026-01-29,USD,7334.18
814,5,2026-01-08,EUR,1157.64
815,4,2026-02-17,GBP,9224.75
816,75,2026-04-01,GBP,1717.47
817,96,2026-02-04,USD,4432.24
818,18,2026-02-04,EUR,727.25
819,54,2026-03-16,EUR,2641.78
820,18,2026-03-27,EUR,1531.06
821,39,2026-04-06,EUR,3061.16
822,31,2026-02-27,USD,1252.98
823,64,2026-01-10,EUR,2554.63
824,41,2026-01-19,USD,1417.72
825,22,2026-01-20,USD,8947.29
826,22,2026-04-08,EUR,1060.08
827,12,2026-02-20,USD,5953.18
828,64,2026-02-11,GBP,1190.38
829,3,2026-01-11,GBP,4899.45
830,64,2026-04-30,JPY,54886.48
831,30,2026-02-10,GBP,9793.98
832,4,2026-01-22,EUR,1275.52
833,37,2026-01-15,EUR,2338.74
834,36,2026-03-22,GBP,347.76
835,1,2026-04-22,EUR,3371.47
836,27,2026-02-09,GBP,1922.23
837,33,2026-02-25,JPY,1448468.02
838,36,2026-02-18,EUR,1843.4
839,36,2026-03-13,EUR,6752.66
840,46,2026-01-29,USD,178.29
841,38,2026-04-26,EUR,7525.44
842,37,2026-03-21,JPY,283732.15
843,11,2026-02-22,GBP,9076.67
844,7,2026-02-20,EUR,1795.76
845,39,2026-04-29,GBP,9526.19
846,53,2026-04-20,EUR,143.36
847,85,2026-02-18,GBP,9135.14
848,17,2026-04-20,EUR,151.36
849,12,2026-02-03,USD,2441.78
850,77,2026-02-01,EUR,303.08
851,85,2026-02-09,EUR,2069.65
852,9,2026-01-11,EUR,605.77
853,13,2026-03-01,GBP,4924.77
854,20,2026-01-13,EUR,428.91
855,57,2026-04-05,GBP,2611.84
856,89,2026-04-30,EUR,974.23
857,17,2026-04-02,GBP,3247.85
858,28,2026-01-10,USD,296.72
859,39,2026-04-22,EUR,9003.25
860,26,2026-04-05,EUR,1646.54
861,3,2026-02-25,EUR,3525.81
862,20,2026-01-18,GBP,1556.33
863,64,2026-01-15,EUR,3010.85
864,35,2026-02-01,JPY,119875.18
865,11,2026-03-23,USD,7248.44
866,34,2026-02-07,GBP,729.19
867,63,2026-01-18,EUR,7588.25
868,24,2026-04-06,EUR,400.87
869,79,2026-04-11,USD,7889.92
870,31,2026-01-14,GBP,467.36
871,34,2026-01-25,GBP,4235.33
872,7,2026-04-30,EUR,564.5
873,12,2026-04-19,USD,9225.53
874,38,2026-02-07,JPY,183489.33
875,8,2026-03-19,EUR,9511.16
876,68,2026-03-17,USD,1691.79
877,56,2026-03-03,JPY,352303.8
878,14,2026-03-26,JPY,81094.59
879,15,2026-01-13,GBP,6802.25
880,3,2026-04-26,GBP,312.58
881,27,2026-01-15,EUR,4351.59
882,13,2026-04-01,EUR,590.01
883,12,2026-03-31,GBP,6719.58
884,1,2026-01-28,GBP,317.44
885,29,2026-03-23,USD,7632.67
886,75,2026-04-24,EUR,1656.83
887,9,2026-03-26,GBP,2363.62
888,41,2026-03-24,GBP,1822.11
889,31,2026-04-05,EUR,7010.58
890,16,2026-02-26,USD,1679.97
891,9,2026-04-09,GBP,3724.01
892,19,2026-01-12,GBP,232.07
893,38,2026-03-13,JPY,1210399.56
894,38,2026-02-11,EUR,1504.03
895,7,2026-01-17,EUR,6451.65
896,63,2026-02-09,JPY,124923.49
897,4,2026-02-06,GBP,5448.9
898,5,2026-02-18,EUR,696.72
899,2,2026-04-25,EUR,2331.99
900,40,2026-01-17,GBP,392.7
901,17,2026-02-07,JPY,1452614.55
902,50,2026-03-31,JPY,109782.85
903,27,2026-02-27,GBP,7649.97
904,39,2026-04-20,GBP,563.48
905,8,2026-02-25,USD,4088.39
906,20,2026-02-09,USD,1969.84
907,76,2026-04-24,JPY,399114.83
908,5,2026-01-16,GBP,553.17
909,19,2026-04-19,USD,6012.14
910,14,2026-04-28,GBP,1504.84
911,51,2026-01-10,EUR,4354.13
912,6,2026-01-27,EUR,23.69
913,12,2026-02-22,EUR,7736.96
914,63,2026-02-19,JPY,291081.4
915,18,2026-02-24,EUR,5520.46
916,49,2026-01-03,EUR,865.62
917,60,2026-03-27,EUR,5886.54
918,7,2026-01-15,JPY,45249.28
919,49,2026-01-25,EUR,2932.66
920,33,2026-04-23,EUR,443.64
921,1,2026-04-01,JPY,1370855.7
922,35,2026-01-23,GBP,827.61
923,34,2026-02-21,EUR,8612.41
924,56,2026-01-05,EUR,160.57
925,21,2026-02-28,JPY,594810.74
926,4,2026-04-22,GBP,1402.41
927,39,2026-01-11,USD,2826.12
928,10,2026-03-13,EUR,1877.25
929,58,2026-04-04,EUR,9757.79
930,25,2026-04-21,EUR,240.25
931,2,2026-01-01,USD,3812.17
932,39,2026-03-06,EUR,1380.64
933,69,2026-03-20,GBP,5818.8
934,20,2026-01-08,EUR,113.05
935,34,2026-01-13,EUR,5733.54
936,29,2026-01-06,USD,373.52
937,8,2026-01-15,GBP,5076.89
938,27,2026-04-27,EUR,43.35
939,44,2026-02-27,GBP,6252.58
940,2,2026-01-05,EUR,507.05
941,42,2026-04-24,JPY,1039601.68
942,47,2026-01-13,EUR,485.89
943,31,2026-03-04,JPY,1167075.5
944,4,2026-01-19,EUR,1365.89
945,76,2026-02-13,GBP,6894.65
946,21,2026-04-17,JPY,143006.29
947,51,2026-03-11,GBP,7265.28
948,4,2026-04-21,EUR,1117.09
949,2,2026-01-16,EUR,5353.46
950,9,2026-04-19,GBP,200.5
951,18,2026-01-15,GBP,9664.94
952,12,2026-01-08,EUR,934.58
953,22,2026-02-26,EUR,2730.99
954,18,2026-04-24,GBP,862.63
955,49,2026-02-12,JPY,1162310.38
956,1,2026-02-25,GBP,868.29
957,22,2026-01-23,USD,5470.16
958,14,2026-04-06,EUR,1804.15
959,12,2026-04-30,EUR,4175.99
960,1,2026-01-17,GBP,655.45
961,13,2026-03-24,EUR,7368.75
962,57,2026-01-22,EUR,770.68
963,39,2026-03-18,JPY,352985.09
964,38,2026-03-28,USD,867.66
965,17,2026-03-14,EUR,6982.03
966,12,2026-02-16,USD,1834.71
967,53,2026-04-08,EUR,5345.16
968,51,2026-03-19,GBP,1383.91
969,19,2026-02-10,EUR,3277.0
970,19,2026-01-10,EUR,57.18
971,60,2026-02-14,EUR,4116.13
972,16,2026-01-02,JPY,135209.36
973,3,2026-03-16,USD,2077.5
974,63,2026-02-28,USD,32.49
975,55,2026-02-16,EUR,7581.73
976,21,2026-01-04,JPY,174872.85
977,15,2026-01-27,USD,8011.62
978,7,2026-04-29,USD,110.64
979,25,2026-02-12,GBP,3794.55
980,13,2026-03-26,EUR,188.93
981,11,2026-04-28,EUR,8965.51
982,5,2026-01-16,EUR,1328.96
983,65,2026-02-06,GBP,5875.13
984,45,2026-02-21,EUR,1148.27
985,57,2026-01-27,JPY,1020691.0
986,49,2026-03-04,EUR,822.83
987,44,2026-03-10,GBP,6678.71
988,19,2026-02-03,EUR,1286.59
989,15,2026-01-22,EUR,4495.3
990,7,2026-04-25,USD,488.66
991,43,2026-02-26,EUR,6364.66
992,6,2026-01-05,EUR,1478.52
993,21,2026-02-27,EUR,9918.05
994,2,2026-01-09,EUR,1976.96
995,86,2026-04-04,EUR,8093.41
996,30,2026-01-31,EUR,940.69
997,39,2026-04-26,USD,6950.18
998,43,2026-04-06,JPY,65766.64
999,75,2026-04-17,EUR,3033.4
1000,6,2026-03-12,EUR,1638.58
